,title,body,age,educated,region,url
0,지역주도형 청년일자리사업,"관내 사회적경제조직 및 중소기업에 미취업 청년 채용시 인건비를 지원 하여 청년에게 적합한 지역 일자리 제공으로 청년의 지역정착 유도 및 사회적기업, 중소기업 등 지역경제 활성화에 기여하고자 함",만 18세~39세,제한없음,경기도 가평군,www.ggjh.co.kr
1,가평장학관 운영,"향토인재의 양성을 위해 지역 대학생에게 숙식 등
편의를 제공하고 학부모의 교육비 부담을 경감시키고자 함, 경기도의 대학생에게 안전하고 쾌적한 숙식 면학환경을 제공하여 장차 지역사회와 국가발전, 인류사회에 공헌할 인재를 양성하고 나아가 교육 기회의 평등 실현에 기여하고자 함",-,제한없음,경기도 가평군,www.ggjh.co.kr
2,대학생 군정체험 활동 (하반기),"관내 대학생들에게 방학기간동안 다양한 행정체험을 통해 군정에 대한 이해와 고향에 대한 애정을 높이는 기회 제공, 학생들의 자발적 학자금 조달활동을 통한 학부모 가계부담 경감 및 다양한 행정체험을 통해 군정에 대한 이해와 애향심을 높이는 선행적 사회경험의 기회를 제공",-,대학 재학,경기도 가평군,http://www.gp.go.kr
3,가평군 장학생, 지역 우수인재들의 지원 및 가정환경이 어려운 학생들의 학업여건 개선을 위해 모집,-,대학 재학,경기도 가평군,https://www.gp.go.kr/
4,경기도 청년공동체 활동지원사업,청년공동체를 발굴하고 청년들의 역량강화와 지역 커뮤니티 활동을 활성화하기 위한 지원사업의 참여자 공개 모집,만 20세 ~ 만 39세,제한없음,경기도 가평군,http//www.gg.go.kr
5,일하는 청년 복지포인트,경기도에서는 중소기업 처우개선 및 근로자 복리후생지원, 만 18세 ~ 34세,제한없음,경기도 가평군,https://www.gp.go.kr/portal/selectBbsNttView.do?key=501&bbsNo=150&nttNo=163373&searchCtgry=&searchCnd=SJ&searchKrwd=%EB%B3%B5%EC%A7%80%ED%8F%AC%EC%9D%B8%ED%8A%B8&pageIndex=1&integrDeptCode=
6,청년 마이스터통장,경기도에서는 중소기업 처우개선 및 복리후생지원, 만 18세 ~ 34세,제한없음,경기도 가평군,https://www.gp.go.kr/portal/selectBbsNttView.do?key=501&bbsNo=150&nttNo=163373&searchCtgry=&searchCnd=SJ&searchKrwd=%EB%B3%B5%EC%A7%80%ED%8F%AC%EC%9D%B8%ED%8A%B8&pageIndex=1&integrDeptCode=
7,청년창업농 선발 및 영농정착지원 사업,"창업 자금, 기술·경영 교육과 컨설팅, 농지은행 매입비축 농지 임대 및 농지 매매를 연계 지원하여 건실한 경영체로 성장을 유도, 특히 영농 초기 소득이 불안정한 청년창업농에게는 최장 3년간 월 최대 100만원의 영농정착 지원금을 지급, 이를 통해 젊고 유능한 인재의 농업 분야 진출을 촉진하는 선순환 체계 구축, 농가 경영주의 고령화 추세 완화 등 농업 인력구조 개선",만 18세 이상 ～ 만 40세 미만,제한없음,경기도 가평군,https://www.gp.go.kr/
8,여성농업인 행복바우처,"보건․문화 비용 지원으로 여성농업인의 건강증진 및 여성농업인의 삶의 질 향상, 여성농업인의 사기진작 및 직업적 자긍심 고취, 실질적으로 농업에 종사하는 여성 농업인의 신청과 수혜자 부담의 원칙에 의하여 건강관리․문화활동에 필요한 최소 예산 지원, 대상자 적격여부 사전 검증(선정) 및 전반적인 수혜자 체감 만족도 제고를 위한 사후관리 철저",만 20세 이상,제한없음,경기도 가평군,https://www.gp.go.kr/
9,사회적경제 육성 및 창업아카데미 운영,"○ 사회적경제에 대한 지역 주민의 이해를 통해 관내 사회적경제에 대한 관심을 불러일으키고 사회적경제 기업을 창업하고자 하는 지역주민에게 기회 제공
○ 베이비부머, 청년 등 사회적경제 창업희망자 수혜의 폭을 넓히고 원활한 지원으로 지역문제 이해를 통한 지역사회 혁신 및 사회적 경제 일자리 확충",-,제한없음,경기도 가평군,https://www.gp.go.kr/
10,청년정책아이디어 경진대회,청년이 바라는 청년정책을 직접 제안하고 우수사례를 발굴하여 시책사업으로 추진함으로써 청년의 시정 참여 확대와 청년 정책 효과성 제고 ,만18~34세,제한없음,경기도 고양시,http://www.goyang.go.kr
11,청년 창의적 일자리 포럼 개최,"고양시와 경기도, 일자리 전문가와 지역 청년이 한자리에 모여 일자리 문제를 논의 할 수 있는 토론의 장을 마련, 새로운 고용정책을 모색하고 좋은 일자리‧창업 환경을 만들기 위한 방향 제시",-,제한없음,경기도 고양시,http://www.goyang.go.kr
12,시장과 함께하는 청년 토크 콘서트,고양시장과 지역청년이 모여 고양시장의 시정 운영방안 등에 대한 자유로운 의견 교환을 통한 쌍방향 소통 및 청년의 의견을 반영한 정책 발굴,-,제한없음,경기도 고양시,http://www.goyang.go.kr
13,고양청년 재정지원 프로그램,창업자금 및 경영자금 지원를 위한 무보증 대출 지원,만 18세~39세,제한없음,경기도 고양시,https://www.gcgf.or.kr
14,청년 직무 직업 교육 실시,청년에게 취업‧창업에 필요한 교육프로그램을 관내 위탁 또는 대형 유통업체와 협업하여 제공함으로써 청년 직무 역량 강화,-,제한없음,경기도 고양시,http://www.goyang.go.kr
15,대학생직장제험 연수,"고양시 대학생들에게 방학을 이용하여 일정 기간(20일) 동안 공공기관 직장체험을 통해 진로탐색 및 직업선택, 경력형성 등 취업활동 지원",-,대학교 재(휴)학생,경기도 고양시,http://www.goyang.go.kr
16,청년일자리박람회 '청년드림 JOB콘서트'(가칭),"청년들에게 실질적 도움이 되도록, 진로 탐색․직업 체험․채용 면접 등을 통합 구성하여 청년 구직 수요가 반영되도록 일자리박람회를 개최",만18세 이상,제한없음,경기도 고양시,blog.naver.com/goyang_jobs
17,일자리 카페 운영,"고양시 청년구직자들을 위한 취업프로그램 준비, 민간카페를 임자하여 청년들이 필요한 커뮤니티 공간제공",만 18세~34세,제한없음,경기도 고양시,http://www.goyangjobcafe.kr/
18,청년 캣취업(Cat cheer-up) 사관학교(2차),"5주간 집단상담+개별상담을 병행하는 맞춤형 취업지원 프로그램, 연간5기 운영(기수별 15명)",만 18~34세,제한없음,경기도 고양시,blog.naver.com/goyang_jobs
19,면접정장 대여,"면접에 필요한 복장 대여 지원, 면접부담 경감,- 저성장 경제기조 속에 고용위기에 따른 높아지는 청년 실업률만큼이나 길어지는 구직기간으로 경제적 어려움을 겪는 고양 청년들에게 면접에 필요한 정장 비용을 무료로 지원하여 취업성공 응원 및 경제적 부담을 경감시키고자 함",만 18세~만34세,"-  고등학교 졸업예정자 포함
- 고양시 소재 대학교 구직 대학생
- 덕양구 원흥동 소재 '한국장학재단 대학생연합생활관'입주대학생",경기도 고양시,http://www.goyang.go.kr
20,좋은 일자리플러스사업, 고양시 일자리 교육훈련 사업에 참여하는 청년채용 기업에 인건비를 지원하여 기업의 인건비 부담 감소를 통한 청년의 안정적 일자리 제공과 지속 가능한 경제활동 지원,만 18세~34세,제한없음,경기도 고양시,http://www.goyang.go.kr
21,"고양 첨단산업 청년창업 생태계 조성 
⇒첨단산업 스타트업 육성","첨단산업 활성화를 위한 기반 조성 사업으로 아이디어 공모, 컨설팅, 창업 캠프 운영을 통해 창업 생태계 구축 및 스타트업 기업 육성",-,제한없음,경기도 고양시,http://www.goyang.go.kr
22,고양 1인 창조기업 지원센터 운영,1인 창조기업(예비 창업자) 대상 인프라 제공 및 체계적인 맞춤형 원스톱 창업 지원을 통해 지속적인 창업 수요 및 일자리 창출하고 청년 창업을 지원,-,제한없음,경기도 고양시,http://www.goyang.go.kr
23,청년 농업인 영농 안정화 시범,영농에 정착한 청년농업인들의 경쟁력 강화와 전문성 제고를 위한 영농신기술과 창의적 아이디어를 바탕으로 자립기반을 갖춘 전문 청년농업인으로 양성,만18세~39세,제한없음,경기도 고양시,http://www.goyang.go.kr
24,청년농업인 4-H회원 신규영농 정착,발전하는 농업ㆍ농촌을 위한 청년농업인 4-H회원들의 초기 영농정착 지원 사업으로 우수한 청년농업인 4-H회원 발굴 육성을 통해 농업후계 인재 양성에 기여,만18세~39세,제한없음,경기도 고양시,http://www.goyang.go.kr
25,청년농업인 경쟁력 제고,"청년농업인들의 열정과 창의적 아이디어 브랜드화, 영농신기술을 적용하여 청년농업인들이 농업ㆍ농촌의 주역으로 성장하여 농업 발전의 성공모델 제시",만18세~39세,제한없음,경기도 고양시,http://www.goyang.go.kr
26,청년 농업인 경영진단 컨설팅,"청년 창업농의 안정적인 영농정착과 경영목표 달성을 지원하기 위하여 기술․경영상태 진단, 분석 후 컨설팅 제공",만18세~39세,제한없음,경기도 고양시,http://www.goyang.go.kr
27,청년배당,"경기도에서 3년 이상 거주한 청년들에게 연100만원의 지역화폐를 지급함으로써 청년들의 복지 증진, 취업역량 강화 및 지역경제 활성화 도모,고양시에 거주하는 청년에게 청년배당을 지급하여 청년들의 복지향상과 안정적 생활기반을 조성하고 지역경제 활성화에 이바지하고자 함. ",만24세,제한없음,경기도 고양시,apply.jobaba.net
28,농업인 자녀 학자금 대출,농·어업인 대학생자녀 학자금 지원으로 교육의 기회를 균등하게 제공하고 젊은 농·어업인의 지역 정착 유도,-,대학재학,경기도 고양시,https://www.gov.kr/portal/main
29,청년과 신혼부부를 위한 사회적주택공급," 낙후된 지역 내(원당, 능곡, 일산) 건물(다가구, 단독)을 매입하여 리모델링 후 저소득층 청년, 신혼부부 등에 저렴한 가격에 임대하여 주거안정에 기여하고 도시재생사업에 참여",-,제한없음,경기도 고양시,http://www.goyang.go.kr
30,청년커뮤니티,청년의 교류를 증진 통한 건전한 청년문화 조성,만 18세~34세,제한없음,경기도 고양시,http://www.goyang.go.kr
31,청년농업인 영농정착 지원사업,"○ 창업 자금, 기술·경영 교육과 컨설팅, 농지은행 매입비축 농지 임대 및 농지 매매를 연계 지원하여 건실한 경영체로 성장 유도
○ 유능한 인재의 농업 분야 진출을 촉진하는 선순환 체계를 구축하여, 농가 경영주의 고령화 추세 완화 등 농업 인력구조를 개선",만 18세 이상 ~ 40세 미만,제한 없음,경기도 고양시,http://www.mafra.go.kr/mafra/1080/subview.do
32,고양 청년 인턴 지원 사업,청년일자리 창출과 고용안정을 목적,만 18세 이상 만 39세 이하,제한없음,경기도 고양시,http://www.goyang.go.kr
33,공공근로사업, 저소득 · 실직자 등 취약계층을 위해 한시적 일자리를 제공하여 최소한의 생계보장 및 고용안정을 도모,만 18세 이상,제한없음,경기도 고양시,http://www.goyang.go.kr
34,제 2기 고양시 소셜기자단 모집,"고양시에서는 시정소식, 문화행사부터 숨은 시민 이야기 등  우리 시의 각종 소식들을 직접 작성해 널리 알릴 수 있는 제2기 ‘고양시 소셜기자단’ 모집",-,고등학생부터 일반성인까지 지원 가능,경기도 고양시,http://www.goyang.go.kr
35,희망-내일' 공공일자리사업,"사회전반에 걸친 저성장 기조 속에 고용위기로 인한 실업 대책으로서, 선제적인 재정투입으로 전 계층을 대상으로 한 공공부문의 솔선수범의 일자리 확대정책으로서 서민생활 안정 및 지역경제 활성화에 기여",만18세 이상,제한없음,경기도 고양시,고양시 통합 일자리정보 www.goyang.go.kr/jobs
36,청년취업성공프로그램,다양한 청년취업프로그램 제공으로 청년구직자에게 취업에 필요한 정보를 공유하여 기업에 취업 할 수 있는 기회 제공 등 청년고용 활성화를 위한 프로그램,만 35세 미만,제한없음,경기도 과천시,http://www.gccity.go.kr/search/search.jsp
37,과천시 청년기본소득(청년배당),정기적인 소득 지원을 통해 장래를 준비할 수 있는 시간을 주어 사회활동을 촉진,만 24세,제한없음,경기도 과천시,apply.jobaba.net
38,소상공인 환경개선사업,과천시 내 소상공인의 환경개선사업을 통한 점포 매출증대 및 상인들의 자생력을 강화,-,제한없음,경기도 과천시 ,http://www.gccity.go.kr/
39,대학생 학자금대출 이자지원 사업,한국장학재단을 통해 학자금을 대출받은 대학생의 대출이자 지원하여 학업 부담 경감,-,대학 재학,경기도 과천시 ,http://gccity.go.kr/main/page.do?mCode=E080000000&cIdx=614
40,장학금 지원 사업,경제적 이유로 학업이 곤란하거나 성적이나 재능이 우수한 관내에 주민등록이 되어 있는 고등학생·대학생 지원,-,"고교 재학, 대학 재학",경기도 과천시 ,http://gccity.go.kr/main/page.do?mCode=E080000000&cIdx=614
41,장애인 일자리사업 (복지형/일반형),장애인의 사회참여 확대와 소득보장 도모,만 18세 이상,제한 없음,경기도 과천시 ,www.happyseed.or.kr 
42,신혼부부 주택전세자금 대출이자 지원,"신혼부부의 주거비 부담을 완화해 안정된 정주 여건을 마련해 줌으로써, 결혼을 장려하고 아이를 낳아 기를 수 있는 환경을 조성",-,제한 없음,경기도 과천시 ,http://www.gccity.go.kr/
43,대학생 아르바이트 운영,"관내 거주 대학생들에게 방학기간 중 일자리를 제공함으로써 사회생활 경험을 통한 시정 이해의 기회를 부여하고, 학비 마련에 도움을 주고자 함",-,대학 재학,경기도 과천시 ,http://www.gccity.go.kr/
44,2019년 지역주도형 청년일자리 사업,청년들에게 적합한 지역 일자리를 발굴 제공하여 자산형성이 가능한 수준의 소득을 창출하는 지속 가능한 경제활동을 지원,만 19세 이상 ~ 만 39세 이하,제한 없음,경기도 과천시 ,http://www.gccity.go.kr/
45,"미취업청년 채용기업 청년인건비 지원
(2019년 지역주도형 청년일자리 사업)",청년들에게 적합한 지역 일자리를 발굴 제공하여 자산형성이 가능한 수준의 소득을 창출하는 지속 가능한 경제활동을 지원,만 39세 이하,제한 없음,경기도 과천시 ,http://www.gccity.go.kr/
46,"『과천시 창업아이디어 경진대회』
(액셀러레이팅 지원사업)","과천지역 창업 활성화를 위하여 혁신적인 창업 아이디어를 가진 창업가(팀)를 발굴하고, 창업 및 사업화 집중지원을 통해 우수 기업으로 성장시키고자 함",-,제한 없음,경기도 과천시 ,http://www.gccity.go.kr/
47, 창업·상권활성화센터 운영," - 창업(예정)자와 상인들에게 전문 멘토링과 컨설팅 지원 공간을 확보하고 제공
 - 관내 창업 수요의 전문성과 효율성을 극대화함은 물론 지역 상권 활성화의 허브 역할",-,제한 없음,경기도 과천시 ,http://www.gccity.go.kr/
48,중소기업․소상공인 육성자금 지원사업," ◈ 융자금 이자차액 지원을 통한 관내 중소기업 및 소상공인의  육성발전과 경영안정 도모
 ◈ 신규고용 창출과 고용유지로 지역경제 활성화 기여",-,제한 없음,경기도 과천시 ,http://www.gccity.go.kr/
49,청년창업자금 지원사업 ,"창업을 희망하는(관내 거주 또는 2년 미만 사업장) 지역 청년들에게 사업비, 교육, 사무공간등 실질적인 창업기반을 제공하는 사업 ",만 18세~39세,제한없음,경기도 광명시,gmstartup.or.kr
50,광명청년 JOB-START,"공공부문 청년일자리 창출 및 인턴 전문분야 근무제 운영, 취·창업교육, 맞춤형 취업 컨설팅 등을 병행하여 취업 경쟁력 확보로 취업에 진출할 수 있는 기반을 조성하기 위함",만19세~34세,대학 졸업,경기도 광명시,http://www.gm.go.kr/
51,청년 취업성공 사관학교 1기,직업을 정하지 못하고 있는 청년들에게 개인의 적성에 맞는 직업 탐색 및 취업 기회를 제공, 만 19세 ~ 만 34세 이하,제한없음,경기도 광명시,http://www.gm.go.kr/
52,광명시 마을공동체,"공동체의 복원 및 활성화를 위해 주민주체의 성장과 역량 강화, 주민스스로 가치기반 조직의 특성과 갈등양상을 이해, 소통과 의사결정역량 향상",-,제한없음,경기도 광명시,http://www.gm.go.kr/
53,시민과 함께 하는 KTX광명역~도라산 열차기행,"한반도 평화시대를 맞이하여 남북평화철도 첫걸음을 내딛는 행사로서 KTX광명역을 출발하여 도라산역까지 열차 탑승체험 및 통일염원 행사를 추진, KTX광명역을 남북평화철도 출발역으로 지정하기 위한 범국민 공감대를 확산",-,제한없음,경기도 광명시,http://www.gm.go.kr/
54,광명 1969 행복일자리사업,청년 ‧ 여성(경력단절) ‧ 다문화 ‧ 노인 등을 대상으로 다양하고 차별화된 일자리를 제공,만 19세 ~ 만 69세 이하,제한없음,경기도 광명시,http://www.gm.go.kr/
55,지역공동체 일자리사업,근로의사가 있는 국민에게 일자리를 제공하기 위해 정부에서 지원하고 광명시에서 추진,만 18세 이상,제한없음,경기도 광명시,http://www.gm.go.kr/
56,광명시 지속가능발전 시민대학,"광명시지속가능발전목표(GM-SDGs2030)의 수립과정에 다양한 시민 참여를 확대하고 지역의 지속가능한 공동체를 구축하기 위한 기반 조성, 광명시 지속가능발전 시민대학은 시민사회에 지속가능발전목표(SDGs)의 가치와 비전을 전파하고, 지속가능발전에 대한 인식을 확대함",-,제한없음,경기도 광명시 ,http://www.gm.go.kr/
57,청년공동체 활동지원사업,청년공동체를 발굴하고 청년들의 역량강화와 지역 커뮤니티 활동을 활성화,만 20세 이상 ~ 만 39세 이하,제한없음,경기도 광명시,http://www.gm.go.kr/
58,광명청년 정규직 job-go,청년 미취업자에게 취업기회를 제공하고 채용기업을 지원,만 19세 이상 ~ 만 34세 이하,졸업예정자,경기도 광명시,http://www.gm.go.kr/
59,시정협치협의회 위원,광명시 시정협치협의회를 구성하기 위해 참여 위원 모집,-,제한없음,경기도 광명시,-
60,"2019년 지역주도형 청년일자리 사업
(청년 두런두런 Do learn, Do run)","성남시는 2019년 지역주도형 청년 일자리 사업의 일환인 [청년 두런두런(Do learn, Do run)사업] 의 참여자를 모집
성남시 청년이 직무역량 강화를 위해 배우고(Do learn), 지역의 발전을 위해 도약(Do run)할 수 있도록 취업 연계사업을 진행함으로써 청년의 지역정착 활성화 에 기여하고자 아래와 같이 사업장을 선정하고 참여자를 모집",만 18세~ 34세,제한 없음,경기도 성남시,https://www.seongnam.go.kr/city/1000052/30001/bbsView.do?currentPage=1&searchSelect=title&searchWord=%EC%B2%AD%EB%85%84&searchOrganDeptCd=&searchCategory=&subTabIdx=&idx=183410
61,"2019년 지역주도형 청년일자리 사업
(성남형 청년 인큐베이팅)","성남시는 2019년 지역주도형 청년 일자리 사업의 일환인 [성남형 청년 인큐베이팅]의 참여자를 모집
성남시 청년이 사회에 진출하기 전 파트타임으로서 실무를 경험, 일자리 창출·지원 및 역량강화 기회를 제공해 청년의 자립기반 강화, 안전망 구축을 도모",만 18세~ 34세,제한 없음,경기도 성남시,https://www.seongnam.go.kr/city/1000052/30001/bbsView.do?currentPage=1&searchSelect=title&searchWord=%EC%B2%AD%EB%85%84&searchOrganDeptCd=&searchCategory=&subTabIdx=&idx=183410
62,대학생 지방행정체험연수,청년 취업증진을 위하여 예비 취업준비생인 대학생에게 행정업무 체험을 비롯한 다양한 현장체험 기회와 취업교육 및 진로설계 기회를 제공하여 취업준비에 도움을 주고자 함,-,대학 재학,경기도 성남시,-
63,2019년 성남시 사회적경제 창업보육센터,"(예비)사회적기업, 협동조합, 마을기업 등 지역공동체 형성의 사회적 목적과 가치를 실현하는 사회적경제기업 및 창업팀을 대상으로 입주자를 모집",만 18세~ 34세,제한 없음,경기도 성남시,https://www.seongnam.go.kr/city/1000052/30001/bbsView.do?currentPage=1&searchSelect=title&searchWord=%EC%B0%BD%EC%97%85&searchOrganDeptCd=&searchCategory=&subTabIdx=&idx=163147
64,"2030 직장인 품앗이
(2019년 청년봉사단 1기)",평소 주말 여가시간을 활용한 봉사활동에 관심있는 20~30대 직장인으로 구성된 봉사활동 모임,만 19세~ 39세,제한 없음,경기도 성남시,https://www.seongnam.go.kr/city/1000053/30003/bbsView.do?idx=179586
65,청년바람지대 운영,청년들에게 필요 공간 제공,만 19세~ 39세,제한 없음,경기도 수원시,http://www.swyouth.kr
66,청년활동 지원 공모사업,다양한 청년활동 지원을 통한 청년의 사회참여 확대와 청년문화 활성화,만 19세~ 39세,제한 없음,경기도 수원시,http://www.swyouth.kr
67,"함께 만드는 청년밥상 ""밥짓는 학교""",건강한 식습관 형성을 위한 식생할 개선 수업을 통해 청년들에게 규칙적이고 바른 먹거리의 중요성을 알림,만 19세~ 39세,제한 없음,경기도 수원시,http://www.swyouth.kr
68,"면접정장 무료대여 ""청나래""운영",취업을 준비하는 청년들에게 면접 정장을 무료로 대여하여 구직비용 부담경감과 사회진출의 편익을 도모,만19세~34세,제한없음,경기도 수원시,http://www.swyouth.kr
69,"취업준비 청년 교통비 지원 ""청년교통카드""",취업준비 청년의 생활비 중 큰 비중을 차지하는 교통비를 지원하여 경제적 부담을 덜어주고 구직활동에 전념할 수 있도록 지원,만19~34세,고교 재학(졸업 예정자 포함),경기도 수원시,"www.suwon.go.kr, www.swyouth.kr"
70,청년학교,기존 제도권 내 학교의 역할을 보완하는 다양한 분야의 교육을 통해 청년의 역량을 강화하고 삶의 질을 향상시키고자 함,만 19세~ 39세,제한 없음,경기도 수원시,http://www.suwonyouth.or.kr
71,청년업클라우드,"수원의 글로벌 ceo, 청년, 대학의 교류와 협력을 통해 동반성장을 모색하고 일자리 진입지원과 안전망 구축을 위해 청년들이 하고 싶은 청년자립 지원방식을 다양화하는 기회",만 19세~ 30세,제한 없음,경기도 수원시,http://www.suwon.go.kr/web/board/BD_board.view.do?bbsCd=1043&seq=20190110104032909
72,한상기업 청년채용 인턴십 프로그램 설명회,해외 청년채용 인턴십 프로그램 설명회 개최,만34세이하,제한 없음,경기도 수원시,http://www.suwon.go.kr/web/board/BD_board.view.do?bbsCd=1042&seq=20180828102632008
73,세대융합 창업지원 시스템 구축,시니어와 청년 창업가가 협업하는 새로운 융합형 창업 모델을 구축하고 맞춤형 프로그램/인프라 지원을 통해 스타트업을 강소기업으로 성장시켜 지역 경제 활성화에 기여,만39세이하,제한없음,경기도  수원시,www.k-startup.go.kr
74,수원 창업 오디션,"창업활성화 및 창업 붐 조성을 위해 창업 오디션을 개최하여 우수한 아이템을 보유한 예비 창업자 발굴,육성",만 19세~ 39세,제한없음, 경기도 수원시,http://www.suwonstartup.kr
75,대/소규모 일자리 박람회,"계층별, 규모별 맞춤식 채용행사 개최로 구인기업에는 적합한 인재채용의 기회를, 구직자에게는 면접의 기회를 제공하여 고용 창출 제고에 기여",만 19세~ 39세,제한없음,경기도 수원시,-
76,청년 해외취업 프로그램 운영,"일본IT기업 및 서비스업 취업을 희망하는 청년들의 어학과 직무교육, 취업특강 지원 및 취업 연계",만34세 이하 ,"대졸예정, 대학졸업",경기도 수원시,www.worldjob.or.kr/www.suwon.go.kr
77,수원형 청년내일채움공제,"중소,중견기업 근무 청년의 정규직 장기근속을 지원하기 위해 수원시 청년을 정규직으로 채용하고 청년내일채움공제에 참여할 경우 채용장려금 지원",만 34세,제한없음,경기도 수원시,www.work.go.kr/yougtomorrow
78,수원 청년 내일로 사업,수원시에 기반을 둔 법인.단체에서 근무하며 근무경력을 쌓고 취업역량을 강화할 수 있또록 2년간 인건비 80%와 교육 등을 지원,만18세 이상 만39세 이하,제한없음,경기도 수원시,http://www.suwon.go.kr/web/www/forms/BD_receiptView.do?seqNo=41
79,대학생 인턴사업 추진,"수원시 대학생들을 방학동안 인턴으로 채용하여, 시정 현장경험 기회를 제공하고 진로적성 탐색과 취업준비 지원",만 19세~ 39세,"대학교 재,휴학생",경기도 수원시,http://www.suwon.go.kr
80,이주배경 청년 기술력 향상 및 전문가 양성,상대적으로 취업의 기회가 취약한 이주배경 청년을 대상으로 다양한 분야의 지식습득 및 기술 함양을 통해 자신의 삶을 주체적으로 살아갈 수 있도록 기술력 향상 및 전문직업인으로서의 삶의 질 향상,만17세~24세,제한없음,경기도 수원시,-
81,청년창업 푸드트럭,소자본 창업 아이템으로서 청년창업의 문턱을 낮춰 일자리를 창출함은 물론 전통 시장등과 연계한 영업공간 확보와 다양한 먹거리 제공으로 지역경제 활성화에 기여,만19세~39세,제한없음,경기도 수원시,http://www.suwon.go.kr
82,수원청년 마을사랑방 운영,"LH매입임대주택 중 미활용 주택을 제공받아 주거취약 계층의 긴급임시 주거공간, 청년창업활동 및 사회적 경제기업 활동공간으로 무상 제공",만 19세~ 39세,제한없음,경기도 수원시,-
83,청년 장애인 1:1 맞춤형 취업프로그램 운영,"취업 취약계층인 청년 중증장애인이 스스로 자립할 수 있도록 개개인의 능력과 적성에 맞는 직업을 발굴, 근로의 기회를 제공하여 장애인의 자립기반을 조성",,-,경기도 수원시,-
84,열정페이(임금체불) 근절대책,수원청년들의 삶의 질 향상과 권익보호에 따른 임금체불 근절 대책을 위한 캠페인 전개 및 법률상담. 노동교육 실시,만 19세~ 39세,제한없음,경기도 수원시,www.youjob.kr
85,수원의 숙 장학관 운영,"수원에 거주하며 서울지역수원에 거주하며 서울지역으로 통학하는 대학(원)생들을 위하여  수원시와 백암재단이 상호 협력, 장학관(기숙사) 무료 지원",만 19세~ 39세,서울 소재 대학에 재학 중인 대학(원)생,경기도 수원시,www.suwon.go.kr/www.suwonyouth.go.kr
86,수원시 대학생 학자금 대출이자 지원,수원지역 대학생들이 재학기간 중 학업에 전념하고 대출이자 상환 부담이 경감될 수 있도록 학자금 대출이자 지원,만 19세~ 39세,대학생,경기도 수원시,http://www.suwon.go.kr
87,청년의 마음을 돌보는 마음건강상담실 운영,"무한경쟁시대, 고용불안, 상대적 박탈감 등 정신건강을 위협 받는 사회 속에서 불안 및 우울을 느끼는 청년들의 마음을 돌보기 위해 정신건강 전문요원과 함께 하는 마음건강 상담실 운영",만 18세~ 34세,-,경기도 수원시,-
88,대학생 장학금 지원,우리시 대학생을 대상으로 장학생을 선발하여 수원의 미래를 이끌어 인재육성 및 교육도시의 기틀 마련,만 18세~ 34세,대학생,경기도 수원시,-
89,학교 밖 청년 미디어 교육,학교밖 청년에게 일상을 영상으로 표현하는 협력작업을 통해 공동체의식과 자존감을 높이고자 함,만 18세~ 34세,제한 없음,경기도  수원시,http://www.swmedea.or.kr
90,수원큐어,삶의 목적과 존재의 이유를 찾는 수원청년의 회복 플랫폼으로 청년들이 자기 주도적인 삶을 살아갈 수 있도록 돕고자 함,만19세~39세,제한 없음,경기도 수원시,http://www.suwonyouth.go.kr
91,청년 취업지원 프로그램,"나만의 경쟁력, 취업으로 가는 한 걸음!
2019 청년! 취업지원 교육 참여자 모집",만 20세~ 34세,제한 없음,경기도 수원시,http://www.suwon.go.kr/web/board/BD_board.view.do?bbsCd=1042&seq=20190403141708667
92,청년해외취업 희망드림 아카데미,일본 취업을 희망하는 청년을 대상으로 어학교육 후 취업을 연계하는 청년해외취업 희망드림 아카데미 (제 3기) 참여자 선발 공고,만 18세~ 35세,제한 없음,경기도 수원시,http://www.suwon.go.kr/web/board/BD_board.view.do?bbsCd=1042&seq=20190306175135668
93,청년 프로젝트 매니저,"시민 생활에 도움이 되는 공공부문 일자리를 창출/확대하고, 공공부문에서의 실무 경험을 통한 경력 형성과 민간일자리 연계를 지원하기 위한 2019년 새-일 공공일자리사업 [청년 프로젝트 매니저] 채용계획",만 18세~ 39세,제한 없음,경기도 수원시,http://www.suwon.go.kr/web/board/BD_board.view.do?bbsCd=1042&seq=20190107114735953
94,청년여성일자리사업 매니저,새-일 공공일자리사업 참여를 통해 청년과 여성을 대상으로 하는 취업 역량강화 교육 및 일자리 제공 등의 취업지원 사업을 지원할 매니저 채용계획,만 18세~ 39세,제한 없음,경기도 수원시,http://www.suwon.go.kr/web/board/BD_board.view.do?bbsCd=1042&seq=20190124094928134
95,박물관 도슨트,박물관 학예업무의 전문성 및 신기술을 바탕으로 한 전문 업무역량을 갖춘 도슨트 청년 인력 양성을 목적으로 2019년도 수원광교박물관 박물관 도슨트 채용계획,만 18세~ 39세,제한 없음,경기도 수원시,http://www.suwon.go.kr/web/board/BD_board.view.do?bbsCd=1042&seq=20190109110058181
96,청년 자원봉사 코디네이터,시민에게 도움이 되는 공공일자리를 발굴하여 일자리를 제공하고 일 경험을 통한 경력형성과 민간일자리 연계를 지원하기 위한 2019년도 수원형 새-일 공공일자리사업 [청년 자원봉사 코디네이터] 채용계획,만 18세~ 39세,제한 없음,경기도 수원시,http://www.suwon.go.kr/web/board/BD_board.view.do?bbsCd=1042&seq=20190104115449011
97,청년 강사단,수원만의 특별한 독립운동 역사를 공연예술로 기획하여 청소년 예술단을 훈련시킴으로써 수원은 독립운동역사를 지키고 알리며 자긍심 있는 수원시민으로 성장시키고자,만 20세~ 35세,제한 없음,경기도 수원시,http://www.swyouth.kr/
98,시흥 청년 CEO 육성 프로젝트 ,관내 청년들을 대상으로 창업을 준비 중이 예비창업자 또는 초기창업자 (창업 3년 미만)를 지원하고 [시흥 청년 CEO 육성 프로젝트] 사업을 추진,만 39세 이하,제한 없음,경기도 시흥시,www.siheung.go.kr
99,시흥 스마트 청년 job-go,관내 청년들을 대상으로 중소기업체 취업연계를 통해 청년의 경제활동을 적극적으로 지원하는 지역주도형 청년일자리사업 [시흥 스마트 청년 Job go] 참여자 모집,만 39세 이하,제한 없음,경기도 시흥시,www.siheung.go.kr
100,청년 취업디딤돌,지역사회 발전을 위해 필요한 다양한 서비스 분야의 일 경험 기회를 제공하여 더 나은 민간 일자리로 취/창업에 필요한 디딤돌이 되어 줄 [청년 취업 디딤돌 사업]의 참여자 모집,만 39세 이하,제한 없음,경기도 시흥시,www.siheung.go.kr
101,경기청년협업마을,"청년들이 삶의 질적 향상을 도모하고, 교류하며 성장할 수 있도록 창작, 창업, 문화를 기반으로 다양한 경험을 할 수 있는 프로그램과 공간 운영",만 18세~39세,대학교 재학 중인 자,경기도 시흥시,pf.kakao.com/_fREfu
102,청년정책협의체 청년위원,"청년의 목소리가 곧 정책이 되도록 의제 발굴부터 실행, 모니터링에 이르기까지 청년정책을 추진함에 있어, 청년 당사자 네트워크를 중심으로 한 ""청년정책협의체""를 구성",만 19세~ 39세,제한 없음,경기도 시흥시,http://www.siheung.go.kr/administration/gbpost/2019%EB%85%84%EB%8F%84-%EC%B2%AD%EB%85%84%EC%A0%95%EC%B1%85%ED%98%91%EC%9D%98%EC%B2%B4-%EC%B2%AD%EB%85%84%EC%9C%84%EC%9B%90%EC%9D%84-%EB%AA%A8%EC%A7%91%ED%95%A9%EB%8B%88%EB%8B%A4-3
103,청년센터(도시민청년리빙랩) 운영위원,시흥시 청년센터 운영을 위해 다양한 청년들도 구성된 운영위원회를 구성하고자 ,만 19세~ 39세,시흥시 소재 사업장/직장/학교에 소속된 자,경기도 시흥시,http://www.siheung.go.kr/administration/gbpost/%EC%8B%9C%ED%9D%A5%EC%8B%9C-%EC%B2%AD%EB%85%84%EC%84%BC%ED%84%B0-%EC%9A%B4%EC%98%81%EC%9C%84%EC%9B%90%ED%9A%8C-%EC%B2%AD%EB%85%84-%EC%9C%84%EC%9B%90-%EB%AA%A8%EC%A7%91
104,우리마을 기업을 소개합니다,시흥지역 우수기업과 청년 홍보단이 협력관계인 파트너쉽(partnership)을 형성하여 기업을 홍보하는 프로그램 제작 및 전파,만 19세~ 39세,대학 재학생,경기도 시흥시,http://www.siheung.go.kr/administration/gbpost/2019-%EC%A7%80%EC%97%AD%EC%A3%BC%EB%8F%84%ED%98%95-%EC%B2%AD%EB%85%84%EC%9D%BC%EC%9E%90%EB%A6%AC%EC%82%AC%EC%97%85-%E3%80%8C%EC%9A%B0%EB%A6%AC%EB%A7%88%EC%9D%84-%EA%B8%B0%EC%97%85%EC%9D%84-%EC%86%8C
105,청년 서바이벌 동거동락/씨앗프로그램,청년들의 창업/창작활동 등을 지원하기 위해 '청년서바이벌동거동락' 프로그램과 지방보조금사업인 '청년 씨앗프로그램'을 모집 공고,만 19세~ 39세,제한 없음,경기도 시흥시,http://www.siheung.go.kr/administration/gbpost/2018%EB%85%84-%EC%B2%AD%EB%85%84-%EC%84%9C%EB%B0%94%EC%9D%B4%EB%B2%8C%EB%8F%99%EA%B1%B0%EB%8F%99%EB%9D%BD%C2%B7%EC%94%A8%EC%95%97%ED%94%84%EB%A1%9C%EA%B7%B8%EB%9E%A8-%EB%AA%A8%EC%A7%91%EA%B3%B5
106,청년체인지메이커,"지역을 기반으로 청년들이 모여 아이디어 발굴, 공동기획/개발, 실행하는 단계별 문화기획과정 운영",만 19세~만34세 이하,제한 없음,경기도 시흥시,-
107,청년문화 활성화지원사업,"문화예술프로젝트 사업 발굴, 사업비 지원",만 19세~만34세 이하,제한 없음,경기도 시흥시,-
108,2019 청년학교,청년의 생활을 더욱 다채롭게 만들기 위해 취업 및 취미활동 관련 프로그램제공,만 19세 ~ 만 39세,제한 없음,경기도 시흥시,-
109,청년네트워크 지원사업,"지역내 청년자원을 발굴하기 위해 직장·취미동호회 등 청년 네트워크 소모임 활동지원,
청년공동체의 활동을 지원하여 사회적 경험 및 상호교류의 장을 교류의 장을 제공하고, 청년네트워크를 구축하여 청년들의 역량을 강화하고자 함",만19세 ~ 39세,제한없음,서울특별시 강서구,http://www.gangseo.seoul.kr/
110,2019년도 지역주도형 청년일자리 추가채용 공고,청년실업과 지방소멸 위기 극복을 위해 지방자치단체에서 지역 청년 일자리 창출 사업을 자체 계획/시행할 수 있도록 지원,만19세 ~ 39세,제한없음,서울특별시 강서구,http://www.gangseo.seoul.kr/
111,"「중소기업 청년인턴십 지원사업」
참여청년 모집공고(3차)"," 청년에게 일경험 축적과 정규직 채용기회를 제공하고, 중소기업이 우수 청년인재를 채용하도록 하기 위한 「중소기업 청년인턴십 지원사업」참여청년을 다음과 같이 모집",만19세 ~ 39세,대학 졸업,서울특별시 강서구,http://www.gangseo.seoul.kr/
112,강서 일자리 119버스,"강서 일자리 119버스는 구인, 구직 현장등록, 맞춤형 일자리 상담 서비스 외에 노무상담, 사회적경제기업 설립 상담 및 근로자 건강상담 등 구직자와 근로자 모두를 위한 찾아가는 원스톱 일자리 정보 제공 서비스를 제공",-,제한없음,서울특별시 강서구,http://www.gangseo.seoul.kr/
113,"시-구 상향적·협력적 일자리창출사업 교육생 모집
(간병·병동보조 양성과정)","시-구 상향적·협력적 일자리창출사업
병원업무보조 (간병&병동보조) 교육",-,제한없음,서울특별시 강서구,http://www.hrbks.or.kr/
114,『2019년 하반기 공공근로사업』참여자 모집공고,서울특별시 강서구에서는 실직자 및 저소득층에게 일자리를 제공하여 생활안정 및 자립기반 마련에 도움을 주고자『2019년 하반기 공공근로사업』참여자 모집,만18세 이상,제한없음,서울특별시 강서구,http://www.gangseo.seoul.kr/
115,장애인직업재활시설 근로·훈련장애인 모집,사회적기업으로 지역의 취약계층 특히 장애인에게 일자리를 마련해주어 '함께 일하는 지역공동체'를 실현해나가고 있습니다. 안정적인 일자리 제공을 통해 장애인들의 능력 개발. 경제적 자립. 지역공동체 편으로 삶의 질 향상을 지향합니다.,만18세이상 ~60세이하,제한없음,서울특별시 강서구,http://www.gangseo.seoul.kr/
116,지역산업맞춤형 일자리창출 지원사업 직업훈련생 모집,"강서구청에서 강서구민의 능력개발 및 고용촉진을 위해 지역산업맞춤형 일자리창출 사업의 교육생을 모집합니다. 이 사업은 교육생들에게 국비로 지원되는 사업으로, 직업교육 수료 후 취업까지 알선해주는 원스톱 취업지원서비스입니다.",-,제한없음,서울특별시 강서구,http://www.hrbks.or.kr
117,｢2019년 상반기 지역공동체일자리사업｣ 참여자 모집 공고,근로의사가 있는 국민에게 일자리를 제공하기 위해 정부에서 지원하고 강서구에서 추진하는 ｢2019년 상반기 지역공동체일자리사업｣ 참여자 모집을 아래와 같이 공고합니다.,만 18세 이상,제한없음,서울특별시 강서구,https://gangseo.seoul.kr/
118,청년드림 관악캠프,"삼성전자, 동아일보와 함께하는 취업 관련 멘토링으로, 삼성전자 임직원이 삼성전자 조직상·인재상 등 직군·직무 선택에 필요한 각종 정보를 제공하는 등 취업정보를 공유",만 19~39세,제한없음,서울특별시 관악구,http://www.gwanak.go.kr
119, 관악구 일자리카페,민간 카페를 서울시·관악구 일자리카페로 조성하여 청년이 보다 편리하게 취업지원서비스를 통합적으로 제공받을 수 있도록 운영하여 청년층의 안정적인 사회 진출 등을 지원,만 15세~39세,제한없음,서울특별시 관악구,http://job.seoul.go.kr
120,청년뉴딜일자리,공공기관이 시민생활에 필요한 공공서비스를 발굴하여 청년 참여자에게 제공하는 사업. 청년 참여자에게 현장 근무경험 및 맞춤형 취업교육 등을 제공하여 다음 민간 일자리로의 안정적인 이동을 지원,만 18세 이상,제한없음,서울특별시 관악구,http://job.seoul.go.kr
121,지역주도형 청년일자리사업 십시일반,관내의 미취업청년과 사회적경제기업을 연계하여 청년에게는 일자리와 취업교육을 제공하고 기업에게는 맞춤형 인력과 임금을 지원하는 사업,만 19세~39세,제한없음,서울특별시 관악구,http://www.gwanak.go.kr
122,청년 취업정보 박람회,취업을 준비하는 청년에게 박람회 및 멘토링 콘서트를 진행하여 취업정보제공 및 취업역량강화를 통한 일자리창출 지원,만 19세~39세,제한없음,서울특별시 관악구,http://www.gwanak.go.kr
123,청년취업프로젝트 관악에서 잡(JOB)당모의,"관악구와 KB금융공익재단이 업무협약을 맺고 취업 전문가로 하여금 관내 미취업 청년에게 취업 역량 강화를 위한 장기적, 실질적 취업 교육 지원",만 19세~34세,제한없음,서울특별시 관악구,http://www.gwanak.go.kr/site/gwanak/area/areaView.do?cateCont=Area08&bcIdx=101549&cbIdx=239
124,도전宿,청년 1인 창업자(예비창업자 포함)를 위하여 서울시·SH공사와 협약을 맺고 원룸형 공공 임대주택을 마련하여 저렴한 임차료(주변시세의 30~50%)로 주거 및 사무공간을 제공,만 19세~39세,제한없음,서울특별시 관악구,http://www.gwanak.go.kr
125,캠퍼스타운녹두.zip,거점센터를 활용하여 학내 구성원 및 지역주민들의 창업활동을 단계별로 지원,만 38세 미만,제한없음,서울특별시 관악구,http://snusuc.snu.ac.kr
126,이루다 창업공작소 ,사회적경제기업 간 협업을 통해 도시재생지역 청년들을 대상으로 한 4차산업교육 및 창업활동을 지원,만 15세~39세,  제한없음,서울특별시 관악구,http://eluda.kr
127,으뜸관악 청년통장,"학자금 대출, 주거비, 비정규직 취업 등으로 어려움을 겪고 있는 청년이 밝은 미래를 준비할 수 있도록 재정적 지원을 통해 저소득 청년의 자립의욕을 고취",만 18세~34세,제한없음,서울특별시 관악구,http://www.gwanak.go.kr
128,청년주택,청년 주거문제 심화에 따라 청년주거의 안정 및 주거권 보장을 위한 청년주택의 지속적 공급 도모,만 19세~39세,추진 중,서울특별시 관악구,http://www.gwanak.go.kr/site/gwanak/05/10513060100002019012310.jsp
129,청년 임차인 보호 ,서울대학교 학생과 관내 청년을 대상으로 주택임대차보호법 교육을 실시하고 관내 부동산중개업소와 협의하여 청년에게 부동산중개보수료 감면 혜택을 제공,만19~29세,제한없음(서울대학교 교육은 서울대학교 재학생),서울특별시 관악구,http://www.gwanak.go.kr/site/gwanak/05/10513060200002019012310.jsp
130,한지붕세대공감,홀몸 어르신들의 고립감을 해소하고 대학생에게 주변 임대료보다 저렴한 주거공간을 제공하여 학생들의 주거난 해소와 세대간 화합을 통한 주민복지 증대,제한없음,대학(원) 재학생 및 휴학생,서울특별시 관악구,https://www.peterpanz.com/house_share
131,청년 미래플랜 교육 (청년희망아카데미),"청년에게 특화 교육프로그램을 제공하여 주체적인 자립기반 형성과 성공적인 사회 진출을 지원하고 4차 산업혁명시대에 청년의 적절한 진로, 직업 방향을 제시",만 19세~39세,제한없음,서울특별시 관악구,http://www.gwanak.go.kr
132,청년문화제,힘든 청춘을 보내고 있는 청년들의 삶의 가치를 고민하여 새로운 미래를 설계할 수 있도록 방향성을 제시하고 청년들의 고민을 공유할 수 있는 청년 힐링 콘텐츠로 청년문화제를 개최하여 청년 소통의 장 마련,만 19세~39세,제한없음,서울특별시 관악구,http://www.gwanak.go.kr
133,남북미래 청년 아카데미,북한의 개방 및 자유 왕래 시대에 대비해 관악구 거주 북한 출신 청년과 연계하여 남북한 관련 교육 사업 진행,만 19세~39세,제한없음,서울특별시 관악구,www.gwanak.go.kr
134,공모사업,지역 청년의 참신한 아이디어를 발굴하여 구정 발전을 위한 프로젝트로 추진. 청년들에게 구청참여의 기회를 제공하고 구는 청년정책의 실효성을 높임,만 19세~39세,대학생,서울특별시 관악구,www.gwanak.go.kr
135,성년축하카드 및 웰컴관악,인생 성장의 한 단계를 축하하고 성년의 의미를 되새기는 기회 제공하고 새롭게 전입한 청년에게 관악 생활정보 안내책자 배부,만 19세 이상,제한없음,서울특별시 관악구,www.gwanak.go.kr
136,고시촌원스톱이동검진,대학동 취준생 및 건강취약계층을 대상으로 『찾아가는 고시촌이동건강검진』을 운영함으로써 결핵등 건강위험군 조기발견하고 건강관리 인식을 높여 건강증진에 기여,,제한없음,서울특별시 관악구,www.gwanak.go.kr
137,1인가구 탐구생활,"1인 가구 특성에 맞춘 정보제공 및 실천과 참여를 통한생활관리 역량강화, 단체 활동과 공동 작업으로 사회적 고립을 예방하고 사회관계망 형성 지원",만 19세~39세,제한없음,서울특별시 관악구,www.familynet.or.kr 
138,관악구 청년 연설대전,청년의 다양한 목소리 분출의 장을 마련과 리더십있는 청년들의 네트워크 구축,만 19세 ~ 39세,대학 재학,서울특별시 관악구,https://www.wevity.com/?c=find&s=1&gbn=viewok&gp=1&ix=29581
139,청년의제 발굴을 위한 토론회 ,청년 당사자들이 갖고 있는 사회적 문제에 대해 공감하는 자리를 마련하여 청년 정책의 올바른 발전 방향 모색,만 19세 ~ 39세,제한없음,서울특별시 관악구,www.gwanak.go.kr
140,청년 어울장터,지역사회에서 활동하는 다양한 청년 예술가들을 위한 판로의 장을 마련하고 소통하는 환경 조성,만 19세~39세,제한없음,서울특별시 관악구,www.gwanak.go.kr
141,2030마음건강지킴이,2030세대 및 1인가구 등 정신취약계층에 특성화된 심리지원서비스를 제공하여 심리적 고립감 해소 및 정신건강문제 대처능력 향상,20대~30대,제한없음,서울특별시 관악구,http://www.gwanakmaum.or.kr/
142,관악구 청년정책위원회," 청년들의 정책 참여를 통해 민·관 협치를 구현하고 청년에 의한, 청년을 위한 정책 발굴 및 구정참여로 자율적·독립적 운영구조 구축을 통해 청년 정책의 효과성을 제고",만 19세~39세,제한없음,서울특별시 관악구 ,www.gwanak.go.kr
143,지역주도형 청년일자리 사업 「십시일반」,비영리단체에서 청년을 고용하고 국가 및 지방자치단체에서 임금을 지원하는 매칭형 청년일자리사업 ,만 19세 ~ 39세,제한없음,서울특별시 관악구,http://www.gwanak.go.kr
144,2019년 관악구 청년도전 프로젝트 공모사업,청년들의 다양한 창의성과 발전가능성이 담긴 아이디어 공모 사업을 통해 청년들의 구정참여 기회 확대 및 자립기반 조성과 지역발전에 기여,만 19세 ~ 39세이하,제한없음,서울특별시 관악구,http://www.gwanak.go.kr
145,광진구 도전숙,자립기반이 약한 청년들에게 주거와 사무공간을 겸용할 수 있는 공공원룸주택을 주변 시세보다 저렴하게 제공하여 청년창업을 촉진하고자 함,만19세~만39세,제한없음,서울특별시 광진구,https://www.i-sh.co.kr
146,무중력지대 광진구 청년센터,"청년들이 자유롭게 모여 소통할 수 있는 공간을 지원하고, 나아가 역량을 강화 할 수 있는 자아설계, 창업 프로그램을 지원하여 청년일꾼을 양성하고자 함",만 19세~ 만39세,제한없음,서울특별시 광진구,https://www.gwangjin.go.kr/
147,광진구 일자리카페,민관협력으로 청년 생활권 내에 조성된 일자리카페에 청년의 수요 맞춤 취창업 서비스를 제공하여 청년 실업 문제 해소에 기여하고자 함,만 15세~39세,제한없음,서울특별시 광진구,https://www.gwangjin.go.kr/
148,청년 창업가 특별보증추천,담보력이 부족한 청년 창업가들에게 신용보증을 지원하여 경영자금을 운용할 수 있도록 함,만 19세 ~ 만 39세,제한없음,서울특별시 광진구,http://www.seoulshinbo.co.kr
149,서울시 예비사회적기업(지역형),"사회적 목적 실현, 영업활동을 통한 수익창출. 사회적기업의 대체적인 요건을 갖추고 있으나, 수익구조 등 법상 인증요건의 일부를 충족하지 못하고 있는 조직(기업)을 서울특별시장이 지정하여 장차 요건을 보완하는 등으로 향후 사회적기업으로 인증 전환이 가능한 기관",만 19세 ~ 39세,제한없음,서울특별시  광진구,http://www.seis.or.kr
150,광진 SNS 기자단,"구민의 시각에서 바라본 구정사업을 SNS 상에서 공유, 소통, 홍보함으로써 친근하고 정감있는 광진구의 이미지를 높이고자 모집", 만 19세 이상,대학생,서울특별시 광진구,https://www.wevity.com
151,지역상권 및 특화사업 활성화 지원사업,활력있고 특색있는 상권 육성을 위한 사업,-,제한없음,서울특별시 광진구,https://www.gwangjin.go.kr
152,2019.상반기 공공근로사업,저소득 실직자 및 미취업 청년들에게 일자리 및 직무경험을 제공하기 위함,만 18세 이상,제한없음,서울특별시 광진구,https://www.gwangjin.go.kr
153,대학생 행정체험단,"광진구에 거주하는 대학생들에게 공직체험 및 학비지원, 진로선택에 도움을 주고자함",-,대학 재학,서울특별시 광진구,www.gwangjin.go.kr
154,지역공동체 일자리사업,지역 특성을 활용한 일자리 창출로 지역공동체를 활성화하고 취업 취약계층에게 일자리를 제공하여 저소득층의 생계 안정을 도모하고자 함,만 18세 이상,제한없음,서울특별시 광진구,https://www.gwangjin.go.kr
155,장애인 일자리사업,취업 취약계층인 장애인에게 ‘괜찮은 일자리’를 제공하여 장애인의 사회 참여를 확대하고 장애인의 자립생활 및 삶의 질 향상에 기여,만 18세 이상,제한없음,서울특별시 광진구,https://www.gwangjin.go.kr
156,광진구 일자리센터 운영,"구인·구직 상담, 취업알선 등 민간취업 활성화와 취업지원 특수시책 추친으로 양질의 일자리 발굴 및 주민밀착형 일자리 연계를 강화하고자 함",-,제한없음,서울특별시 광진구,http://job.seoul.go.kr/gwangjin/Main.do?method=getMain
157,"서울청년예술단X광진구 청년예술단
(2019 지역형 청년예술단 지원사업)","청년 예술인에게 다양한 예술창작활동 기회를 제공하고, 창작을 위한 새로운 실험과 도전을 지원",39세 이하,제한없음,서울특별시 광진구,https://www.gwangjin.go.kr
158,찾아가는 취업상담실 운영,취업정보에 대한 접근성이 부족한 주민을 위해 유동인구가 많은 다중집합장소에서 취업상담 및 일자리 정보를 제공하는 등 현장밀착형 취업서비스를 제공하고자 함,-,제한없음,서울특별시 광진구,http://job.seoul.go.kr/gwangjin/Main.do?method=getMain
159,청년 취업지원 프로그램 - 잡(job) 길라잡이,행정체험단 대학생을 대상으로 취업준비 교육 및 노동법 기초 강의롤 통해 예비 사회초년생의 취업활동을 지원하고자 함,-,대학 재학,서울특별시 광진구,https://www.gwangjin.go.kr
160,예비부부 및 신혼부부 건강검진 서비스,예비부부 및 신혼부부를 대상으로 건강검진을 실시하여 전염성 질환의 조기발견 및 추후 건강관리를 통하여 미숙아 및 장애아 발생을 줄이고 건강한 출산에 기여하고자 서비스 제공 ,-,제한없음,서울특별시 광진구,https://www.gwangjin.go.kr/health/main/main.do
161,광진구 벤처센터 운영,참신한 아이디어와 의욕은 있으나 기술과 경영능력이 부족한 사업자에게 창업을 할 수 있는 장소와 첨단기술 그리고 경영 및 행정 등을 지원하며 지역경제 활성화는 물론 고용창출의 여건을 제공,-,제한없음,서울특별시 광진구,https://www.gwangjin.go.kr/portal/main/contents.do?menuNo=200707
162,소자본 창업아카데미 운영,"창업 및 업종변경 희망자를 위한 강좌를 개최하여 보다 객관적, 실질적인 창업 관련 정보를 제공하여 창업성공률을 제고하고 일자리 창출을 통한 지역 경제 활성화 도모 ",-,제한없음,서울특별시 광진구, http://edu.seoulsbdc.or.kr
163,2019 서울형 뉴딜일자리 사업,시민생활에 필요한 서비스를 제공하고 참여자에게는 일 경험 제공 및 직업역량 배양을 통해 참여자의 민간일자리 진입을 촉진하기 위해 추진,만 18세 이상의,제한없음,서울특별시 구로구,http://job.seoul.go.kr
164,일자리카페,"청년이 편리하게 취업지원서비스를 통합이용할 수 있는 일자리 카페 운영
청년들이 자유롭게 취업을 준비하며 정보공유, 토론, 세미나 등을 실시할 수 있는 협업공간 운영",만 18세 이상 39세 이하,제한없음,서울특별시 구로구,http://job.seoul.go.kr
165,청년 중소기업 체험 사업,청년들에게 다양한 직업세계 및 산업현장에 대한 체험기회를 제공하고 우수한 중소기업에 대한 정보제공을 통해 청년취업난 해소와 우리구의 지속적인 청년일자리 창출에 기여하고자 함,만 15세 이상 34세 이하,제한없응,서울특별시 구로구,http://www.guro.go.kr
166,구로형 청년내일채움공제 사업,"고용노동부 청년내일채움공제 사업과 연계하여 미취업 청년에게는 중소기업 등의 정규직 일자리 취업 및 장기근속,자산형성을 유도하고, 기업에게는 정규직 채용 분위기를 조성,확산시켜 정부의 정책에 호응하고자함.",만15~34세이하, 제한없음,서울특별시 구로구,http://www.guro.go.kr
167,지역주도형 청년일자리사업,"○청년에게 적합한 지역 일자리를 발굴,제공하여, 자산형성이 가능한 수준의 소득을 창출하는 지속간으한 경제활동 지원                                                             ○청년이 지역공동체 발전, 지역사회문제 해결에 기여할 수 있도록 지원하여 지역균형발전, 자치분권의 주체로서 청년의 역할 정립",만19세~39세이하,제한없음,서울특별시 구로구,http://www.guro.go.kr
168,대학생 아르바이트,"전공 및 적성별로 모집하여 방학동안 다양한 구정업무 참여를 통한 사회경험을 쌓는 기회를 제공하고자 함, 구로구에서는 일자리 창출을 유도하고 다양한 사회경험의 기회를 제공",-,"대학 재학, 대졸 예정 ",서울특별시 구로구,http://www.guro.go.kr
169,청년 뉴미디어 크리에이터 전문인력 양성사업,최근 청년층이 선호하고 미래의 고부가 가치 산업인 유투버 등의 뉴미디어   크리에이터 양성 교육을 실시하여 청년 일자리 창출에 기여하고자 함. ,만 39세 이하 청년,제한없음,서울특별시 구로구,http://www.guro.go.kr
170,지역공동체일자리사업,근로의사가 있는 구민에게 일자리를 제공하기 위해 정부에서 지원,만 18세 이상,고교 졸업,서울특별시 구로구,http://www.guro.go.kr
171,G밸리 기업 맞춤형 빅데이터 전문인력 양성사업,"미래 지향적인 빅데이터 분야의 전문 인력 육성을 통해 맞춤형 교육 및 인재양성, 신규채용 수요가 있는 민간기업 채용분야를 발굴하여 맞춤형 인재양성 후 취업연계",만 39세 이하 청년,제한없음,서울특별시 구로구,http://www.guro.go.kr
172,캠퍼스타운 조성 사업 지원,"1) 창업활성화 프로그램 - 청년·중장년 맞춤형 창업지원 2) 상권활성화 프로그램 - 상점 브랜딩, 간판개선, 정보제공 3) 지역협력 프로그램 - 주민소통공간 구축 / 환경개선
1) 사회적 경제 창업 프로그램 - 창업 교육, 캠프, 멘토링 등 2) 다문화중도입국청소년 자립 지원 - 활동가 양성, 맞춤형 지원 3) 마을문화육성 프로그램 - 마을문화 활동가·전문가 양성 등 ",-,대학 재학,서울특별시 구로구,https://blog.naver.com/dy_campustown
173,구로청년정책네트워크,구로구 청년의 다양한 욕구와 의견을 반영한 현실적인 아이디어 발굴과 정책 실현을 위함.,만 19세 ~ 39세,"대학 재학, 휴학, 졸업생",서울특별시 구로구,http://www.guro.go.kr
174,청년 문화일자리 징검다리 사업,"문화예술분야 청년 활동가를 대상으로 향 후 진로에 필요한 실무능력 배양과 사회진출 기회를 제공하고 문화공간 기획 및 운영 인력을 확보 하고자「문화예술인력 징검다리
사업」결원에 의함",만 18세 이상,"제한없음(단, 대학 또는 대학원에 재학중인 자 참여배제)",서울특별시 구로구,http://www.guro.go.kr/
175,소상공인 창업아카데미 ,구로구는 예비창업자 및 소상공인을 위해 창업에 관한 정보를 제공하여 준비된 창업을 유도하고 창업성공률을 제고,-,제한없음,서울특별시 구로구,http://www.guro.go.kr
176,중소기업 청년인턴제,관내 3인 이상 기업을 대상으로 청년일자리 창출과 기업경쟁력 강화를 위하여 인턴기간 및 정규채용 기간동안 월 최대 100만원씩 최대 8개월 동안 인건비를 제공하는 취업지원 사업 ,만 18세 이상 ～ 39세 이하 청년 ,고교 졸업,서울특별시 구로구,http://www.guro.go.kr
177,구로구 G밸리 산업용 IoT 전문인력 양성사업," 서울시의 서울미래 혁신성장 정책에 기반하여 G밸리 산업체 수요 맞춤 인재 양성을 기업의 구인 수요 조사 후, 구로구 G밸리 기업과 네트워크를 보유한 비영리 단체 1개 기관을 선정하여, 전문교육을 통해 G밸리내 기업으로 취업연계가 가능한 태양광 융합 도시형  스마트팜팩토리 및 산업용 IoT 전문인력 양성사업 시행, G밸리 특화 기업 맞춤형 일자리의 지속적 확대를 위하여 협력 네트워크의 활용을 통한  일자리 창출의 지속적 확대",-,제한없음,서울특별시 구로구,http://www.guro.go.kr
178,서울시 중증장애인 이룸통장," 참가자가 3년간 매달 일정액을 저축하면 참가자 저축액과 서울시 지원금 등으로  최대 1,260만원이 적립되고 만기 적립 시 이자를 포함하여 지급하는 통장으로, 서울시 중증장애 청년의 성인기 준비와 자립씨앗자금 마련을 위한 자산형성을 지원",만 15세 이상 ~ 만 34세 이하,제한없음,서울특별시 구로구,http://www.guro.go.kr
179,역사전문가와 함께 하는 청소년 해외 역사 유적지 답사,구로구에서는 청소년들의 올바른 역사인식 함양 및 글로벌 리더십 신장을 위해 역사전문가와 함께「청소년 해외 역사 유적지 답사」를 시행,만 24세 이하,대학재학(휴학생 포함),서울특별시 구로구,http://www.guro.go.kr
180,희망두배청년통장,"저소득층이 주거, 창업, 교육자금 마련 등을 위한 자산 형성을 지원하여 탈빈곤의 토대 마련",만18세 이상~만34세 이하,제한없음,서울특별시 구로구,http://www.guro.go.kr/welfare/targetaid/low/low14.jsp?categoryVal=
181,구로 도시재생 LAB운영 사업,"빈집을 리모델링하여 창업관련 교육과 지원을 위한 ‘구로 도시재생 LAB’ 공간을 조성, 창업교육 및 실질적인 모의 창업 트레이닝 진행하여 청년창업과 일자리를 창출하고 지속적인 지역정착 유도",만 18세~39세이하,제한없음,서울특별시 구로구,http://www.guro.go.kr
182,2019년 G밸리 채용박람회,서울디지털단지 중소·중견·강소기업 인력난 해소 및 고용창출 기대,-,제한없음,서울특별시 구로구,http://www.guro.go.kr
183,2019년 신입직원 역량강화 교육,신입직원 역량강화 교육을 통한 강한 프로 직장인 육성 및 기업정착률 향상,-,제한없음,서울특별시 구로구,https://www.sbhrdc.re.kr
184,구로구 창업지원센터,구로구는 (사)벤처기업협회 서울벤처인큐베이터(SVI)와 함께 『구로구 창업지원센터』를 운영하고 있으며 우수하고 참신한 아이템으로 창업에 도전을 희망하는 기업가를 선발하여 적극 지원하고자 함,만19세 이상, 제한없음 ,서울특별시 구로구,http://www.guro.go.kr
185,"두잇 커뮤니티, 두잇 솔로 지원","청년들의 다양한 사회활동을 지원하여 인적네트워크 형성을 통한 사회성 향상 지원, 연간 10개 이상의 1인 가구 활동가/작업자/기획자/예술가 등을 발굴 및 활동금 50만원 지원, 은둔형 청년의 지역사회 편입 유도 및 사회성 향상",만 19세~39세,제한 없음,서울특별시 금천구," http://youthblg.org
https://blog.naver.com/youthblg
https://www.facebook.com/youthblg"
186,두잇 플러스 지원,지역과 사회의 문제에 대한 명확한 미션과 대안이 있는 청년 단체의 미션 수행비 지원,만 19세~39세,제한 없음,서울특별시 금천구," http://youthblg.org
https://blog.naver.com/youthblg
https://www.facebook.com/youthblg"
187,청삘사무소(거점별 청년활동공간 조성),민간에서 운영하는 공간을 청년단체 및 지역주민에게 특정시간대 주기적으로 개방하여 공간 조성 비용 절감 및 지역내 청년 문화 확산,만 19세~39세,제한 없음,서울특별시 금천구," http://youthblg.org
https://blog.naver.com/youthblg
https://www.facebook.com/youthblg"
188,"소셜다이닝 ""대대식당""",패스트푸드 먹거리에 익숙한 청년들을 대상으로 로컬푸드를 기반으로 하는 식생활 인식 개선을 통한 삶의 질 향상,만 19세~39세,제한 없음,서울특별시 금천구," http://youthblg.org
https://blog.naver.com/youthblg
https://www.facebook.com/youthblg
https://docs.google.com/forms/d/18_rofqg9LzkM-iS8evIQhifLzrXwSRLg_iALLv_1CDI/viewform?edit_requested=true"
189,청년 문화예술인 활동 지원,청년예술인의 재능을 활용한 활동 지원을 통해 청년 예술인의 진로 설계,만 19세~39세,제한 없음,서울특별시 금천구," http://youthblg.org
https://blog.naver.com/youthblg
https://www.facebook.com/youthblg
https://blog.naver.com/youthblg/221539295884"
190,청년 미래플랜 교육,"청년의 미래설계를 위해 지역의 경제인, NGO활동가 등 지역 저명인사의 인생담과 경험을 담은 특강 제공, 성공한 기성세대의 경험을 공유함으로써 청년들에게 기성세대의 노하우 전수 및 청년세대와 기성세대의 세대차이 완화",만 19세~39세,제한 없음,서울특별시 금천구,"http://www.geumcheon.go.kr/program/board/detail.jsp?boardTypeID=8&searchSelect=BOARDTITLE&currentPage=1&menuID=001004004005&boardLines=10&boardID=125628
https://sygc.kr/neighborhoods/1143"
191,청년활동공간 청춘삘딩,"자기계발, 청년지원사업 등 청년의 참여확대를 유도하여 스스로 자립기반 형성 등 사회참여 활동공간인 청년허브로 운영, 민간에서 운영하는 공간을 청년단체 및 지역주민에게 특정시간대 주기적으로 개방하여 공간 조성 비용 절감 및 지역내 청년 문화 확산",만 19세 이상 39세미만,제한 없음,서울특별시 금천구,http://www.youthblg.org/
192,일자리카페 프로그램,구직활동을 스스로 계획하고 준비할 수 있도록 다양한 취업지원 프로그램 운영을 통해 취업역량을 강화하여 취업률을 제고,만 15세~39세,제한 없음,서울특별시 금천구,http://job.seoul.go.kr
193,청년교류회,"청년 커뮤니티 팀들이 모여 활동 내용을 공유하고, 참여한 팀들 간 교류할 수 있는 장을 마련함으로써 사회성 향상 및 관계망 형성",만 19세~39세,제한 없음,서울특별시 금천구,-
194,G밸리 하우스 (청년주택) ,"주거 및 자립기반이 취약한 청년층의 성장지원을 위해 청년 맞춤형 공공임대주택인 G밸리 하우스를 청년기업인, 근로자, 예술인에게 공급",만 19세~39세,제한 없음,서울특별시 금천구,http://www.geumcheon.go.kr
195,금천청년네트워크,"청년문제해결을 위한 다양한 정책의제를 발굴하고 제안하는 능동적인 구민참여플랫폼. 청년의 참여를 기반으로 청년을 위한 정책을 만들기 위해 청년정책을 모니터링하고, 새로운 정책들을 제안하기 위한 금천구 청년네트워크(ABC)의 구성원을 모집",만19 ~ 39세,제한 없음,서울특별시 금천구,http://www.geumcheon.go.kr
196,금천구기업지원센터 창업특강,청년들에게 올바른 정보제공을 통해 스스로 진로선택을 할 수 있게 하는 게 청년 정책의 첫걸음. 이 교육을 통해 청년들이 초기부담을 최소화하면서 자신의 꿈을 펼칠 수 있는 계기 제공,만 34세 미만,해당 없음,서울특별시 금천구,http://www.geumcheon.go.kr
197,공공근로사업,"저소득 실업자 및 정기적 소득이 없는 일용근로자의 생계를 지원하고, 청년실업자의 직업 능력을 배양하기 위한 한시적 일자리를 제공",만 18세 이상,해당없음,서울특별시 금천구,https://www.gov.kr/portal/service/serviceInfo/000000319780
198,메이커스페이스 운영,최고 수준의 원스톱 하드웨어 메이커 지원시설 구축,-,"1. 전용공간 확보 (일반랩 100m² 내외, 전문랩 1,000m² 내외) 2. 대응자금 투자 (총사업비 기준, 일반랩 20% 이상, 전문랩 30% 이상) 3. 운영역량 보유 (총괄책임자 제외, 일반랩 2명 이상, 전문랩 7명 이상) 4. 운영 책임 (개소일로부터 5년 이상 운영) 5. 기타 (컨설팅 보완요구, 성과목표 설정, 가이드라인 준수)",서울특별시 금천구,https://www.k-startup.go.kr/
199,청년미래기금조성,"금천구 청년의 자립기반 형성 및 다양한 청년지원사업 추진에 필요한 재원의 안정적 확보, 저성장의 장기화, 산업구조의 변화 등으로 청년층의 실업률이 전체 실업률에
두 배 이상 높은 상태, 청년기금을 조성하여 청년을 위한 다양한 사업을 추진할 필요성이 있음",만19세 이상 ~ 39세 이하,제한없음,서울특별시 금천구,http://www.geumcheon.go.kr/
200,금천희망취업캠프,"직업훈련기관과 연계하여 특성화고 등 취업희망학생들의 실무 직업능력
강화교육 및 취업연계를 병행한 취업캠프를 운영하여 청년취업률 향상 도모",만 18세,제한없음,서울특별시 금천구,http://www.geumcheon.go.kr/
201,노동자종합지원센터 설립,"노동자를 위한 복지시설 조성을 통해 종합적인 노동복지서비스 제공, 고용안정 및 노동권익 보호를 위한 노동법 상담 등 노동복지를 위한 종합공간 필요",-,제한없음,서울특별시 금천구,http://www.geumcheon.go.kr/
202,공공부문 감정노동 종사자 권리보호,우리구 및 산하기관 등 공공부문에서 근무하는 감정노동 종사자의 권리 보호 대책 마련과 인식개선을 통하여 실질적 권익 향상,-,제한없음,서울특별시 금천구,http://www.geumcheon.go.kr/
203,일자리발굴단,"G밸리 기업에게 효과적인 맞춤형 인재를 제공하기 위해 채용정보를 공유하는 등 유기적인 협력 네트워크 구축, 구청 일자리센터에 비해 취업 연계 실적 현저히 낮음, 온라인/오프라인 병행하여 구인발굴 필요성 증가",-,제한없음,서울특별시 금천구,http://www.geumcheon.go.kr/
204,공동주택관리 지원사업,"2019년 공동주택 관리 지원사업을 시행. 
※ 2019년부터는 공동주택 관리 지원사업 접수를 연1회 진행할 예정이며, 기한내 신청하지 않을 경우 해당없음으로 간주예정",-,제한없음,서울특별시 금천구,http://www.geumcheon.go.kr/
205,사회적경제 청년코디네이터 사업,공공일자리 경험을 통해 취업역량을 강화,만 18세 이상,제한없음,서울특별시 금천구,http://www.geumcheon.go.kr/
206,지역주도형 청년일자리 사업,청년 일자리 창출 및 지역·공공일자리 발굴을 통해 청년의 능동적인 사회 참여의 기회를 보장하고 청년의 삶의 질 향상에 기여,만39세 이하,제한없음,서울특별시 노원구,http://www.nowon.kr/
207,2019. 청년 뉴딜일자리 사업,청년 일자리 창출 및 지역·공공일자리 발굴을 통해 청년의 능동적인 사회 참여의 기회를 보장하고 청년의 삶의 질 향상에 기여하고자 함 ,만18세이상 39세이하,"대학교(원) 수료생, 졸업예정자, 졸업유예자, 방송통신대학‧사이버대학․야간대학(원) 재학생",서울특별시 노원구,http://www.nowon.kr/
208,노원구 청년일자리 아이디어 경진대회,지역주민의 청년 일자리 관심 확산을 유도하고 좋은 아이디어에 대하여는 시상 후 자치구 일자리 사업으로 진행 하고자 함 ,만15세 이상,제한없음,서울특별시 노원구,http://www.nowon.kr/
209,청년 동아리 활동 지원,"후기 청소년(19세~24세)과 청년들의 경제·사회·문화 등 분야에서 참여확대, 권익증진, 능력발전 등을 위해 청년 동아리 활동을 지원하고자 함",만15세~만39세 이하,제한없음,서울특별시 노원구,http://www.nowon.kr/
210,노원 청년 힐링 프로그램 운영 ,"후기 청소년(19세~24세) 및 청년에게 잠시 쉬어가는 
 힐링 프로그램을 운영하여 삶을 설계 할 수 있는 기회를 제공하고자 함 ",만 19세 이상~만 39세 이하 ,제한없음,서울특별시 노원구,http://www.nowon.kr/
211,청년 활력공간 조성,"직면한 현상에서 발견한 사회, 도시, 세대의 문제와 이를 해결하기 위한 청년시민 개인 및 소모임 실험 금전/공간/네트 워크 지원, 청년 활력공간(무중력지대) 조성",만19세~만39세 이하,제한없음,서울특별시 노원구,http://www.nowon.kr/
212,노원구서비스공단 청년 인턴사원,청년 일자리 창출 및 경험 제공,만 18세 이상 만 34세 이하,제한없음,서울특별시 노원구,http://www.nowonsc.kr
213,"청년과 어르신 주거 공유
(한지붕 세대공감, 세대융합형 룸셰어링)",주거공간의 여유가 있는 어르신과 주거공간이 필요한 대학생을 연결하여 어르신은 저렴하게 주거공간을 제공하고 대학생은 어르신에게 소정의 임대료와 생활서비스(봉사활동)를 제공하는 주거공유 프로그램,-,대학 재학(휴학생 포함),서울특별시 노원구청,http://www.nowon.kr/join/share/index.jsp
214,청년참여 지원사업,"청년들의 참신한 아이디어를 담은 프로젝트를 공모 ‧ 지원하여 지역 청년들에게 능동적인 사회참여를 유도하고, 청년들의 자립기반 형성과 역량을 강화하기 위한「청년참여 지원사업」을 다음과 같이 공고",19세 ~ 39세,제한 없음,서울특별시 도봉구,http://www.dobong.go.kr/
215,청년 취창업 스터디 지원사업,"취창업 준비비용 부담을 경감시켜주기 위해 스터디룸 사용료 및 취업관련 도서 지원
도봉구에서는 심각한 취업난 속에서 취·창업을 위해 고군분투하고 있는 청년 구직자들의 경제적‧심리적 부담을 덜어주고자 「도봉구 청년 취·창업 스터디 지원사업」을 아래와 같이 공모",19세 ~39세,제한 없음,서울특별시 도봉구,http://www.dobong.go.kr/
216,도봉구 청년네트워크,청년의 시각으로 지역 사회의 현안을 진단하고 대안을 제시하기 위해 정책 발굴 및 제안을 위한 도봉구 청년네트워크 활동가를 모집,19세 ~ 39세,제한 없음,서울특별시 도봉구,http://www.dobong.go.kr/
217,도봉 청년벤처 네트워크,"도봉 청년벤처(청년 창업가, 전문직, 소셜&NGO 등)를 발굴·네트워킹하고, 서로 간 협업을 통하여 지역사회 내 청년 창업 생태계 구축",19세 ~ 39세,제한 없음,서울특별시 도봉구,http://www.dobong.go.kr/bbs.asp?bmode=D&pcode=12674424&code=10004125
218,도봉청년축제,청년 스스로 축제 주인공이 되어 직접 기획하고 실행하는 청년주도의 축제 개최,-,제한 없음,서울특별시 도봉구,http://www.dobong.go.kr/
219,청년 사회혁신가 양성과정,사회혁신 및 공익활동 분야에 관심있는 지역 청년들이 보다 쉽게 사회혁신을 이해할 수 있는 교육과정 제공,19세 ~ 39세,제한 없음,서울특별시 도봉구,http://www.dobong.go.kr/
220,"2019년 지역주도형 청년일자리 사업 
「청년! 지역에서 꿈을 찾다」 참여자 모집 공고",청년에게 적합한 지역 일자리를 발굴․제공하여 지속가능한 경제활동을 지원하는 「2019년 지역주도형 청년일자리 사업」에 참여할 청년들을 다음과 같이 모집합니다. ,만18세 ~39세이하,제한 없음,서울특별시 도봉구,http://www.dobong.go.kr/
221,2019년 상반기 공공근로사업 참여자 모집,근로의사가 있는 구민에게 일자리를 제공하기 위해 도봉구에서 추진하는「2019년 상반기 공공근로사업」 참여자 모집,만 18세 이상,제한 없음,서울특별시 도봉구,http://www.dobong.go.kr/
222,2019년 하반기 공공근로사업 참여자 모집,근로의사가 있는 구민에게 일자리를 제공하기 위해 도봉구에서 추진하는「2019년 하반기 공공근로사업」 참여자 모집,만 18세 이상,제한 없음,서울특별시 도봉구,http://www.dobong.go.kr/
223, 2019년 상반기 지역공동체일자리사업 참여자 모집,"2019년 상반기 지역공동체일자리사업 참여자 모집 공고
근로의사가 있는 도봉구민에게 일자리를 제공하기 위해 정부에서 지원하고 도봉구에서 추진하는 ｢2019년 상반기 지역공동체일자리사업｣ 참여자 모집",만 18세 이상,제한 없음,서울특별시 도봉구,http://www.dobong.go.kr/
224,문화예술 청년창업 활성화프로그램 수강생 모집,도봉구청과 동덕여자대학교에서는 혁신적인 문화예술 창업 아이디어를 가지고 있는 (예비)청년 창업자를 대상으로 창업에 대한 이론 및 창업사례 등 다양한 내용으로 “2019 문화예술 청년창업 활성화 프로그램 교육”을 개최,만16세 ~만39세,제한 없음,서울특별시 도봉구,http://didimteo.or.kr/news/neighbor_news/?mod=document&uid=621
225,중소기업창업보육센터 입주자 모집,경영자금과 사무실확보의 어려움을 격는 중소기업 (예비)창업자의 기반 조성을 위하여 도봉구 중소기업 창업보육센터 입주자를 모집,-,제한 없음,서울특별시 도봉구,http://www.dobong.go.kr/
226,1인 방송 유튜버 양성교육 수강생 모집 공고,"스마트폰 및 SNS를 이용한 1인 방송에 대한 관심이 높아짐에따라 미디어 콘텐츠 제작 실무 능력을 배우고 미래 유망직업으로서 4차 산업시대 전문 인력을 양성하고자 함.
4차 산업시대 유망 직업으로 인재양성 및 신규 일자리 창출, 1인 방송 유튜버가 되기 위한 기본 교육 및 실무 병행 추진, 지역의 다양한 문화콘텐츠 발굴 및 정보를 공유하는 감성소통 기반 구축",만  15세이상,제한 없음,서울특별시 도봉구,http://www.dobong.go.kr/bbs.asp?bmode=D&pcode=12673408&code=10004124
227,「찾아가는 원스톱 기업 경영 컨설팅」운영,취 창업 및 기업 각종 애로사항을 한 번에 해결하는 「찾아가는 원스톱 기업경영컨설팅」을 운영하여 우리구 기업체에 필요한 제도 홍보 및 고충 상담 처리,-,제한 없음,서울특별시 도봉구,http://www.dobong.go.kr/
228,일자리플러스센터 운영 활성화,"지역 주민을 위한 안정적인 취업상담 및 알선, 구인기업 발굴, 직업훈련사업 안내 등 종합적인 고용정보를 제공하여 주민 취업률 향상에 기여하고자 함.
구민 일자리 창출 최우선을 목표로 구민에게 더욱 가깝게 다가가는 일자리플러스센터 조성, 도봉구 일자리플러스센터에는 일자리에 대한 희망이 있다는 구 의지 표명",-,제한 없음,서울특별시 도봉구,http://www.dobong.go.kr/
229,도봉구청년 지역현안 간담회,"서울지역협동조합협의회에서 도봉구 청년들이 함께 모여 지역의 현안을 나누고, 다양한 프로젝트를 기획하는 자리를 마련",만18세 ~만39세,제한 없음,서울특별시 도봉구,https://sygc.kr/neighborhoods/1451
230,도봉구 맞춤형 임대주택(도전숙),청년 창업인 육성 및 주거 및 자립기반이 취약한 청년창업인들의 주거안정을 위해 맟춤형 임대주택(도전숙)을 공급,만19세 이상 ~ 만39세 이하,제한 없음,서울특별시 도봉구,http://www.dobong.go.kr
231,청년정거장 2기,"청년들의 지역 활동 기반조성 및 확대를 위해 도봉구 지역기반의 콘텐츠를 기획 중인 
청년들을 지원하는 사업",39세 이하 ,제한 없음,서울특별시 도봉구,http://www.dbfac.or.kr/
232,일자리카페 운영,"도봉구 청년생활권 내에 일자리카페를 운영하여 구직자 수요맞춤형 취업지원서비스와 취업특강, 현직자 멘토링 1:1 직무 상담 등 제공",19세 ~39세,제한 없음,서울특별시 도봉구,http://www.dobong.go.kr
233,청년외식창업 인큐베이팅사업,"외식창업을 희망하는 지역내 청년을 모집하여 외식관련 교육과정 진행, 상품개발, 창업 실습 지원, 시범매장 운영, 점포 창업과정 및 창업 후 사후관리 지원",만 18세~39세,제한 없음,서울특별시 동대문구,http://www.ddm.go.kr
234,2019년 하반기 공공근로사업,관내에 거주하는 청년들에게 일자리 제공,만 18세 이상,졸업자,서울특별시 동대문구,http://www.ddm.go.kr/ddm/gujungNewsview.jsp?bid=81&pid=59653
235,동대문구 무료직업훈련,관내 거주 청년들과 지역주민들에게 전문직업 교육 프로그램 제공,39세 이하,제한 없음,서울특별시 동대문구,http://www.ddm.go.kr/ddm/gujungNewsview.jsp?bid=81&pid=58776
236,동대문구 창업지원센터  ,서울특별시 동대문구 창업지원센터 설치·운영 계획에 따라 예비 창업자 및 창업초기의 기업체를 건실한 중소기업체로 육성시키고자 함,,제한 없음,서울특별시 동대문구,http://www.ddm.go.kr
237,지역공동체 일자리사업,"한시적 생계유지 보조 성격의 일자리사업을 생산적이고 지속적,안정적인 사업 발굴을 통하여 취약계층의 일자리사업을 확대하고, 안정적 일자리를 찾을 수 있도록 기회를 제공하여 지역경제 활성화에 기여하고자 함",만 18세 이상,제한 없음,서울특별시 동대문구,http://www.ddm.go.kr/education/areacommunityWork.jsp
238,노량진 청년일자리센터,청년들의 취업준비부터 성공까지 필요한 모든 서비스를 One-Stop으로 제공,만 19세 ~ 39세,제한 없음,서울특별시 동작구,http://job.seoul.go.kr
239,청년창업지원센터,동작구가 운영하는 청년창업지원센터에 입주할 역량 있는 성장단계 창업기업 및 예비 창업자를 모집,만 19세~ 39세,제한 없음,서울특별시 동작구,http://www.dongjak.go.kr
240,공공근로 사업,공익성이 높은 생산적인 업무에 실업자를 채용하여 실직자의 일자리제공과 생계보호에 기여하고 공공서비스의 수준을 향상시키는 사업, 만 18세이상,제한 없음,서울특별시 동작구,http://www.dongjak.go.kr
241,동작구 안전지도 청년서포터즈,스마트폰을 이용하여 지도에 관련 정보를 담아 온라인으로 공유하는 커뮤니티 매핑사업을 통하여 동작구 관내 범죄 취약지역을 발굴,만 19세이상 ~ 만 39세이하,동작구를 생활권(관내 학교 재학 또는 휴학 등)으로 하고 있는 자,서울특별시 동작구,http://www.dongjak.go.kr/portal/bbs/B0000172/view.do?nttId=10187403&menuNo=200644
242,희망나눔동작네트워크 민관협력형 청년 공유주택,비영리민간단체인 희망나눔동작네트워크에서 동작구 1인 청년가구의 주거 안정을 위해 공급 하는 민관협력형 청년공유주택,만 18세이상 ~ 35세 이하,동작구 소재 대학(원) 재학생(휴학 포함) 및 학원생,서울특별시 동작구,http://www.dongjak.go.kr/portal/bbs/B0000022/view.do?nttId=10185882&menuNo=200641
243,아동복지시설 이동양육도우미 사업,아동복지시설에 양질의 아동복지서비스를 제공하고 참여자에게는 안정적 일자리 진입을 지원하는 서울형 뉴딜일자리 사업,만 18세이상,졸업자,서울특별시 동작구,http://www.dongjak.go.kr/portal/bbs/B0000731/view.do?nttId=10186614&menuNo=200645
244,라이프 마을 기획사 사업,공동체를 기반으로 허례허식 없는 가정행사 이벤트 사업을 운영하여 새롭고 지속가능한 일자리를 창출하고자 상향적이고 협력적인 일자리 사업의 일환으로 추진하는 사업,,제한 없음,서울특별시 동작구,http://www.dongjak.go.kr/portal/bbs/B0000731/view.do?nttId=10186946&menuNo=200645
245,청각장애인 CCTV모니터링 요원,청각장애인을 위한 맞춤형 일자리 사업 일환으로 청각장애인 CCTV 모니터링 요원 채용,만 18세이상,졸업자,서울특별시 동작구,http://www.dongjak.go.kr/portal/bbs/B0000172/view.do?nttId=10185567&menuNo=200644
246,서울형 뉴딜일자리 작은도서관 리딩플래너 사업,작은도서관 활성화 및 청년들의 일자리 창출을 위함,만 18세이상,졸업자,서울특별시 동작구,http://job.seoul.go.kr
247,2019년 동작혁신교육지구 서포터즈,동작혁신교육지구의 분과활동 및 다양한 사업 영역으 연결하고 활동을 촉진,만 20세이상 ~ 60세이하,제한 없음,서울특별시 동작구,http://www.dongjak.go.kr/portal/bbs/B0000172/view.do?nttId=10184896&menuNo=200644
248,2019년 상반기 동작구 지역공동체 일자리사업,근로의사가 있는 주민에게 일자리를 제공,만 18세이상,제한 없음,서울특별시 동작구,http://www.dongjak.go.kr/portal/bbs/B0000172/view.do?nttId=10187995&menuNo=200644
249,서울형 뉴딜일자리 특성화고 취업지원관 운영사업,"서울 소재 특성화고, 마이스터고, 산업 및 문화에술정보학교 재학생의 취업역량 강화를 지원",만 18세이상,졸업자,서울특별시 동작구,http://www.dongjak.go.kr/portal/bbs/B0000731/view.do?nttId=10186516&menuNo=200645
250,동작구형 청년내일채움공제,중소기업의 정규직 채용 촉진과 청년근로자의 장기근속 및 자산형성을 돕기 위함,만 15세 이상 ~ 34세 이하,졸업자,서울특별시 동작구,www.work.go.kr/youngtomorrow
251,노량진 1번가,"공시 합격자는 100명중 3명이하, 매년 40만면 이상 불합격하는 현실에서 취업 청년층을 돕기 위해 인사혁신처와 동작구청이 협업하여 공무원 진로탐색 및 민간으로 진로전환 서비스 기획 및 운영",제한 없음,제한 없음,서울특별시 동작구,http://www.dongjak.go.kr
252,2019년 어르신일자리사업 전담인력,동작구에 거주하는 주민을 대상으로 어르신일자리사업 전담인력 채용을 통해 일자리 제공,제한 없음,제한 없음,서울특별시 동작구,http://www.dongjak.go.kr/portal/bbs/B0000172/view.do?nttId=10184803&menuNo=200644
253,2019 여름방학 대학생 아르바이트,여름방학동안 대학생에게 구정업무를 직접 체험하고 사회생활 경험의 기회를 제공하고자 함,제한 없음,대학 재학,서울특별시 동작구,https://www.dongjak.go.kr/portal/progrm/master/online/list.do?tmplatSeCd=14&menuNo=200936
254,서울시 동작구 상향적 협력적 일자리 사업,취 창업 의지가 있는 서울시 거주자를 대상으로 펫시터 양성 교육의 기회 제공,만 19세 이상,제한 없음,서울특별시 동작구,http://www.dongjak.go.kr/portal/bbs/B0000022/view.do?nttId=10187418&menuNo=200641&pageIndex=8
255,마을과집 상도동 자몽 셰어하우스,여성 청년 1인 가구의 주거 안정에 기여하기 위하여 마을과집 한국사회주택협동조합에서 공급하는 시설로 셰어하우스 형태로 운영,만 19세 이상,제한 없음,서울특별시 동작구,http://www.dongjak.go.kr/portal/bbs/B0000022/view.do?nttId=10186711&menuNo=200641&pageIndex=13
256,상반기 찾아가는 평생학습강좌,구민 및 관내에 거주하는 직장인에게 학습강좌 프로그램 제공,제한 없음,제한 없음,서울특별시 동작구,http://www.dongjak.go.kr
257,동작구 마을강사 학습연구동아리 지원 사업,"마을 교육 콘텐츠의 영역 확대 및 질적 수준 향상, 마을교육 발전방안에 대한 다양한 제안사항을 바탕으로 혁신교육사업을 추진하고자 함",제한 없음,제한 없음,서울특별시 동작구,http://www.dongjak.go.kr/portal/bbs/B0000022/view.do?nttId=10186286&menuNo=200641&pageIndex=16
258,2019년 발달장애인 주간활동서비스 사업,"발달장애인에게 낮 시간에 자신의 욕구를 반영한 지역사회 기반 활동에 참여함으로써 '의미 있는 하루, 바람직한 하루'를 본래 수 있도록 하여, 장애인의 자립 생활을 지원하고 사회참여를 증진시켜 삶의 질을 향상",만 18세 이상 ~ 만 65세 미만,졸업자,서울특별시 동작구,http://www.dongjak.go.kr/portal/bbs/B0000022/view.do?nttId=10186194&menuNo=200641&pageIndex=17
259,동작혁신교육지구 플래너,동작구에 거주하는 청년들을 대상으로 일자리 제공,만 20세 이상 ~ 만 60세 이하,제한 없음,서울특별시 동작구,http://www.dongjak.go.kr/portal/bbs/B0000022/view.do?nttId=10185588&menuNo=200641&pageIndex=21
260,동작50+센터 문화관광마케팅지도사 교육과정 ,동작50+센터 커뮤니티 '관광마케팅연구회(CTMA)'에서 설계한 교육과정으로 국내외 문화관광자원과 상품에 대한 지식 및 정보를 습득하고 다양한 관광마케팅 능력을 개발할 수 있는 강의 지원,만 19세 이상,졸업자,서울특별시 동작구,www.jhckorea.org
261,2019년 하반기 동작구 지역공동체 일자리사업,근로의사가 있는 주민에게 일자리를 제공하기 위함,만 18세 이상,졸업자,서울특별시 동작구,http://www.dongjak.go.kr/portal/bbs/B0000172/view.do?nttId=10187995&menuNo=200644&pageIndex=3
262,2019년 장애인일자리 확대 지원사업,관내에 거주하는 장애인에게 일자리 제공,만 18세 이상,제한 없음,서울특별시 동작구,http://www.dongjak.go.kr
263,2019년 상반기 발달장애인 직장적응 체험훈련,관내 청년발달장애인을 위한 직장적응체험훈련을 운영하여 취업하고자 하는 발달장애인에게 직업을 직접 경험할 수 있는 기회를 제공,만 18세 이상 ~ 만 39세 이하,고등학교 졸업예정자 이상,서울특별시 동작구,http://www.dongjak.go.kr/portal/bbs/B0000172/view.do?nttId=10185468&menuNo=200644&pageIndex=40
264,청년 1인가구 맞춤형 공공주택,"제도 밖 사각지대에서 주거빈곤을 겪는 청년이 실제로 들어가서 살 수 있도록 공급 관련 제도는 개선하고 청년 1 인가구 대상 공공주택 공급을 신설 및 규모화, 대학생 공시생 사회초년생 등 무주택 청년 1인가구의 주거불안 해소", 만 19세 ~ 39세,제한없음,서울특별시 동작구,"http://www.ssu.ac.kr/, http://www.dongjak.go.kr/"
265,"지역주도형 청년일자리사업
(젊은청년, 가치를 만나다)",청년에게 적합한 지역 일자리를 발굴·제공하여 지속가능한 경제활동을 지원하는 동시에 청년유입을 통해 지역의 활력 제고,"만 19세 ~ 30세이하
(1987. 8. 14. 이후 ∼ 1999. 8. 13 이전 출생자)",제한없음,서울특별시  마포구,http://www.mapo.go.kr
266,"지역주도형 청년일자리사업
(중소기업 경영지원을 위한 청년경영지원 일자리사업)","청년에게 적합한 지역 일자리를 발굴·제공하여 지속가능한 경제활동을 지원하는 동시에 청년유입을 통해 지역의 활력 제고, 지역사회에 필요한 다양한 서비스를 청년의 일자리로 기획, 제공하여 청년에게 전공과 적성을 고려한 일 경험 기회를 통하여 직무 역량 강화 및 경력 형성의 기회를 마련할 수 있는 「중소기업 경영지원을 위한 청년경영지원 일자리 창출사업」 청년 참여자를 아래와 같이 모집",만 39세이하,제한없음,서울특별시  마포구,http://www.mapo.go.kr
267,1인 창조기업 지원센터,중소벤처기업부와 마포구가 지원하고 서강대학교 창업지원단에서 시행하는 『1인 창조기업 지원센터』사업과 관련하여 우수하고 참신한 아이템으로 창업에 도전을 희망하는 청년기업가 및 시니어 창업가를 선발하여 적극 지원,-,제한없음,서울특별시 마포구,http://www.mapo.go.kr
268,"여름방학 대학생 아르바이트 사업 알림
[사전공표 10-153]",마포구에서는 대학생들에게 경제적 자립심과 일자리 체험의 기회를 제공하고자 2019년 여름방학 아르바이트 대학생을 아래와 같이 공개모집하오니 많은 참여바랍니다. ,-,"대학교 재학생, 휴학생",서울특별시  마포구,http://www.mapo.go.kr
269,"지역자산을 활용한 
사회적경제 일자리창출사업 참여자 추가 모집","돌봄, 복지, 안전, 주거 등 지역내 다양한 사회문제 해결을 추구하는 사회적경제기업에서 근무할 미취업 청년을 아래와 같이 모집합니다. ",만 18세∼39세,제한없음,서울특별시  마포구,http://www.mapo.go.kr
270,2019년 사업비 지원 마을기업 공고,서울특별시 마을기업 육성 정책에 따라 사업비 지원 마을기업을 선정하고자 다음과 같이 공고합니다.,-,제한없음,서울특별시  마포구,http://www.mapo.go.kr
271,중소기업육성기금 융자지원, 2019년도 마포구 중소기업육성자금 융자 지원계획을 『서울특별시 마포구 중소기업육성기금 설치 및 운용조례』 제11조의2(융자계획의 공고) 규정에 따라 다음과 같이 공고,-,제한없음,서울특별시  마포구,http://www.mapo.go.kr
272,특별신용보증 지원(서울신용보증재단) , 2019년도 마포구 중소기업육성자금 융자 지원계획을 『서울특별시 마포구 중소기업육성기금 설치 및 운용조례』 제11조의2(융자계획의 공고) 규정에 따라 다음과 같이 공고,-,제한없음,서울특별시  마포구,http://www.mapo.go.kr
273,(예비)사회적기업 전문인력 지원계획 공고,"(예비)사회적기업의 자립기반 조성과 경영역량 강화를 위한 전문인력 지원계획
(예비)사회적기업의 경영역량 강화를 위해 전문인력을 채용 하는 경우 심사를 통해 전문인력 인건비 일부를 지원.",-,제한없음,서울특별시  마포구,http://www.seis.or.kr
274,지역주민과 함께하는 「JOB 토크콘서트」 안내,"마포구와 중부여성발전센터에서는 최근 실업률이 심각한 사회문제로 부각됨에 따라 지역주민과 함께 대안을 마련하고 취업과 연계될 수 있는 역량을 확대하기 위한 
""JOB 토크콘서트""를 아래와 같이 개최",-,제한없음,서울특별시  마포구,https://jungbu.seoulwomanup.or.kr/jungbu/
275,"청년전용공간
(진로설계 프로그램)",상수빗물펌프장 내 청년전용공간을 청년커뮤니티 및 일자리 지원 전문기관에 위탁하여 청년들이 일과 삶에 대한 미래를 준비할 수 있는 공간으로 운영,만 18세 이상 39세 이하,대학생,서울특별시 마포구,http://www.mapo.go.kr
276,"청년전용공간
(실전 취업·창업지원 프로그램)",상수빗물펌프장 내 청년전용공간을 청년커뮤니티 및 일자리 지원 전문기관에 위탁하여 청년들이 일과 삶에 대한 미래를 준비할 수 있는 공간으로 운영,만 18세 이상 39세 이하,제한없음,서울특별시 마포구,http://www.mapo.go.kr
277,전산회계 1급 자격취득과정,회계 관련 직무를 희망하는 청년들에게 수요자 중심의 맞춤교육을 실시하여 취업률을 제고하고자 함,만 19세 ~ 39세,제한없음,서울특별시 중랑구,http://www.jungnang.go.kr/portal/main.do
278,일반경비원 신임교육,경비 관련 직무를 희망하는 청년들에게 수요자 중심의 맞춤교육을 실시하여 취업률을 제고하고자 함,만 19세~69세 이하,제한없음,서울특별시 중랑구,http://www.jungnang.go.kr/portal/main.do
279,정보보안 핵심인력 양성과정 운영,청년 대상 정보보안 분야 전문교육 실시 및 일자리 연계로 청년 취업지원을 강화,만 19세 ~ 39세,제한없음,서울특별시 중랑구,http://www.jungnang.go.kr/portal/main.do
280,의류제조업 협업화 지원,다수의 의류제조업체 간 협업을 통해 개발된 지역별 공동브랜드 또는 공동작업장 등의 육성‧발전 도모 사업,-,제한없음,서울특별시 중랑구,http://www.jungnang.go.kr/portal/main.do
281,발달장애인 평생교육센터 운영 위탁,발달장애인의 욕구를 바탕으로 생애주기별 맞춤 평생교육 프로그램을 제공하여 발달장애인의 삶의 질 향상에 기여하고자 하는 평생교육센터를 위탁.,-,제한없음,서울특별시 중랑구, http://www.jungnang.go.kr/
282,도시농부학교 운영 ,도시농업에 대한 기초교육을 통한 도시농부 양성 및 지속 가능한 도시농업 추진,-,제한없음,서울특별시 중랑구, http://www.jungnang.go.kr/
283,빗물이용시설 설치비 지원,시민들이 소중한 수자원인 빗물을 잘 받아서 이용할 수 있도록 2007년부터 소형빗물이용시설 설치비 지원,-,제한없음,서울특별시 중랑구, http://www.jungnang.go.kr/
284,4월 중랑구 구민정보화교육,정보화 취약계층의 정보격차 해소 및 정보화 경쟁력 강화를 위한 정보화교육 지원,30세(1990년생) 이상,제한없음,서울특별시 중랑구 , http://www.jungnang.go.kr/
285,중소기업 청년취업인턴제,청년실업을 해소하고자 청년채용 기업에 지원금을 지원하여  청년층의 채용기회를 확대하고자 함,만 15세~34세,기타(참여기업별  자체 선발 기준),서울시 송파구,http://www.songpa.go.kr/
286,청년도전프로젝트,"청년정책 제안 심의를 통하여 선발된 팀에게 창업에 필요한 교육비, 활동비, 공간활동 등 지원",만 19세 ~ 39세,제한없음,서울시 송파구,http://www.songpa.go.kr/
287,송파ICT청년창업지원센터,"ICT 및 기타 기술 특허를 활용한 창업 분야에 우수한 아이디어를 보유하고 있는 청년기업과 예비창업가를 선발하여 사무 공간 제공에서부터 교육, 전문 컨설팅, 멘토링까지 원스톱으로 지원",39세 미만,제한없음,서울시 송파구,http://songpaict.com
288,마천시장 청년상인 창업지원사업,전통시장내 빈점포를 활용하여 미래 전통시장을 이끌어갈 청년상인 창업지원을 통해 일자리 창출은 물론 전통시장의 변화와 침체된 분위기 활성화 유도,만39세미만,제한없음,서울시 송파구,http://songpaict.com
289,"취업희망여성을 위한, 맞춤형 취업 특강",취업 희망 여성을 대상으로 맞춤형 취업 특강 진행,,제한없음,서울시 송파구,http://songpaict.com
290,2019년 하반기 지역공동체일자리사업,근로의사가 있는 서울시민에게 일자리 제공,만 18세 이상,제한없음,서울시 송파구,http://www.songpa.go.kr/
291,2019년 여름방학 대학생 행정인턴,여름방학동안 대학생에게 구정업무를 직접 체험하고 사회생활 경험의 기회를 제공하고자 함,,"대학 재학, 대학 휴학",서울시 송파구,http://www.songpa.go.kr/
292,강화군 시간제 청년근로자 장려금,시간제 청년근로자에게 급여 일부를 보전하여 청년복지 향상 및 취업역량 강화 도모,만 19세~29세,제한 없음,인천광역시 강화군,-
293,"온라인 청년 창업자 육성 사업
(2019년 지역주도형 청년 일자리사업)","청년창업자의 현실적인 사업 지원을 위해 “오픈마켓” 사용을 통한 오프라인 상품연계를 지원하고, 개인 쇼핑몰을 지원하여 청년 창업 자립 기반 구축",만 18세~39세,제한 없음,인천광역시 강화군,-
294,청년창업농 영농정착 지원사업,영농 초기 경영 및 생계가 불안정한 청년 농업인에게 생활안정자금을 지급하여 영농정착 지원,만18세~40세,제한없음,인천광역시 강화군,https://uni.agrix.go.kr/webportal/main/portalIndex.do?web=in
295,강화군 상반기 여성 취업특강 운영,"강화군은 여성의 사회 참여 확대로 경제적 자립 기반을 구축하고, 여성인력의 개발 및 활용을 적극적으로 지원하기 위해 필요한 교육 프로그램 및 맞춤 취업지원 서비스를 제공하고 있습니다.",-,제한 없음,인천광역시 강화군,https://www.ganghwa.go.kr
296,대학생 직장인 체험,우리군 관내 거주 대학생을 대상으로 방학기간을 이용하여 행정기관에 근무토록 하여 바쁜 행정업무를 지원하고 행정경험을 체득할 수 있는 기회를 제공하고자 함.,-,고교 졸업 이상,인천광역시 강화군,http://www.ganghwa.go.kr
297,청년창업농육성지원,"창업 자금, 기술·경영 교육과 컨설팅, 농지은행 매입비축 농지 임대 및 농지 매매를 연계 지원하여 건실한 경영체로 성장을 유도",만 18세이상~만 40세 미만,제한없음,인천광역시 계양구,https://uni.agrix.go.kr
298,청년인턴,청년실업자 해소 및 안정적 일자리로 전환,만 39세 이하,대학 졸업,인천광역시 계양구,https://www.gyeyang.go.kr/open_content/reservation/
299,민간취업연계형 청년인턴사업,"[행전안전부 지역주도형 청년일자리 공모사업]
사회문제로 대두되고 있는 청년실업문제를 해소하고자 기존 공공부문형 청년인턴사업을 지역사회에 필요한 민간 취업분야로 확대 ",만 18세~39세,"타지역 거주자, 만39세이상",인천광역시  계양구,http://www.gyeyang.go.kr/open_content/reservation/sub/intern_info.jsp
300,청년내일희망프로젝트 ,미취업 청년구직자에게 경력 형성 기회를 제공하고 기업에게 우수인력 및 예산 지원을 통해 정규직 전환 촉진과 청년 고용확대를 증진하고자 시행,만 39세 이하,제한없음,인천광역시 계양구,https://www.gyeyang.go.kr/
301,마을기업 청년일자리사업,사회적경제기업(마을기업) 청년일자리사업을 통한 양질의 일자리를 제공할 수 있는 기업과 미취업 청년을 연계하여 사회적경제조직의 생태기반을 조성,만 18세 ∼ 39세,제한없음,인천광역시 계양구,http://www.gyeyang.go.kr/open_content/main/bbs/bbsMsgDetail.do?msg_seq=11003&bcd=board_4
302,마을공동체 만들기 지원사업 ,"「인천광역시 계양구 마을만들기 및 사회적경제육성 지원에 관한 조례」제8조에 따라 교육․학습, 경제, 복지, 문화, 환경개선 등 5개 분야의 지원 사업을 공고",,제한없음,인천광역시 계양구,https://www.gov.kr/portal/locgovNews/1751325
303,여성 새로 일하기 센터,"임신, 출산, 육아 등으로 경력이 단절된 여성에게 취업상담, 직업교육훈련, 인턴십 및 취업 후 사후관리 등 종합적인 취업 지원 서비스를 One-Stop으로 제고하여 여성의 경제활동 참여율 제고",-,제한없음,인천광역시 계양구,http://www.ifwf.or.kr/
304,자활 근로 지원,"수급자 및 저소득층이 스스로 자립할 수 있도록 자활능력 배양, 기술습득 지원 및 근로 기회 제공",만 18세 ~ 64세 ,제한없음,인천광역시 계양구,https://www.gov.kr/
305,지역공동체 일자리,취약계층에 대한 생계지원 대책 마련과 안정적이고 지속적인 일자리 마련,만 18세 이상,제한없음,인천광역시  계양구,http://www.gyeyang.go.kr
306,공공근로사업,경제적 여건이 어려운 실직자를 대상으로 일자리를 제공함으로써 이들의 생계안정 도모 및 지역주도형 일자리 사업으로 저소득 실업자들에게 안정된 일자리 창출,만 19세 이상,제한없음,인천광역시 계양구,http://www.gyeyang.go.kr
307,청년 내일 희망 프로젝트,"[행전안전부 지역주도형 청년일자리 공모사업]
1. 청년인턴십 프로그램 : 청년과 기업간 미스매칭을 완화하고 채용 우수기업에 인센티브를 제공함으로써, 정규직 전환 촉진과 기업의 인력난 해소에 따른 일자리 창출
2. 근로환경개선사업 : 청년 채용실적 우수기업에 청년들이 일하기 좋은 근로환경 조성을 위한 근로환경개선사업을 추진하여, 청년 친화적 직장문화 및 청년고용 확대",만 18세~39세,고졸이상,인천광역시 계양구,http://www.gyeyang.go.kr
308,청년인턴사업,"공공기관 업무 참여로 직무능력을 발굴할 수 있는 동기를 부여하여 한시적  일자리에 머무르지 않고 안정적 일자리로 전환될 수 있도록 다양한 지원책 마련
",만 18세~34세,고졸이상,인천광역시 계양구,http://www.gyeyang.go.kr/open_content/reservation/sub/intern_info.jsp
309,신포국제시장 및 상점가 청년창업 지원사업,신포국제시장 및 인근 상점가의 공점포를 활용한 청년창업공간 조성을 통한 지역주도형 청년일자리 창출 및 지역경제 활성화 유도,39세 이하,제한없음,인천광역시 계양구,http://www.gyeyang.go.kr
310,청년 IT 관광 공작소,4차 산업혁명 성장을 이끌 핵심인재를 활용하여 근대문화 유산의 입체적・맥락적 보전 및 원도심 재생 촉진,-,제한없음,인천광역시 계양구,http://www.gyeyang.go.kr
311,청년창업 희망스타트 지원사업,"변종 유흥업소 밀집지역을 청년 창업육성을 위해 청년창업특화거리로 조성, 변종유흥업소 해소 및 청년들의 일자리창출과 도시재생을 통한 지역경제 활성화 도모",만 19세~39세,제한없음,인천광역시 계양구,http://michu.incheon.kr/
312,청년정책네트워크 구성 및 운영,"청년이 주도하는 청년정책네트워크 구성 및 운영, 청년문제의 당사자인 청년들이 서로 모여 참다운 청년정책 발굴 및 실현", 만 19세~39세,"대학 재학, 휴학, 제적, 졸업",인천광역시 계양구,http://www.ifac.or.kr/
313,문화콘텐츠 전문인력 양성 및 취업지원,"미추홀구문화콘텐츠산업지원센터 내 입주기업에 청년의 취업을 지원함으로써 청년실업문제와 중소기업의 인력난 해소 기여, 문화콘텐츠전문인력 양성 및 기업지원으로 문화콘텐츠산업 발전에 기여",만 18세~ 39세,제한없음,인천광역시 계양구,https://www.gcon.or.kr/board/view?pageNum=1&rowCnt=10&linkId=8365&menuId=MENU02155&schType=0&schText&boardStyle&categoryId&continent&country
314,문화콘텐츠 청년창업 운영,"도전하는 청년의 창업을 적극 지원하여 청년주도형 일자리를 창출하고 관련 산업 발전에 기여, 청년창업자에 대한 단계별로 체계적인 지원과 역량 강화 프로그램 운영으로 창업 성공률 제고",만 18세~ 39세,제한없음,인천광역시 계양구,https://www.gcon.or.kr/
315,"원도심 활성화를 위한 숭의평화 문화시장 운영
숭의평화시장 창작공간 조성 및 운영",시장기능을 상실한 숭의평화 문화시장을 청년기업 및 문화예술 활동가가 입주할 수 있도록 유도하여 예술과 사회적경제가 어우러진 문화시장으로 활성화,-,제한없음,인천광역시 계양구,-
316,"원도심 활성화를 위한 숭의평화 문화시장 운영
문화가 있는 날 행사 진행",시장기능을 상실한 숭의평화 문화시장을 청년기업 및 문화예술 활동가가 입주할 수 있도록 유도하여 예술과 사회적경제가 어우러진 문화시장으로 활성화,-,제한없음,인천광역시 계양구,-
317,"원도심 활성화를 위한 숭의평화 문화시장 운영
아름다운가게 주관 공모사업",시장기능을 상실한 숭의평화 문화시장을 청년기업 및 문화예술 활동가가 입주할 수 있도록 유도하여 예술과 사회적경제가 어우러진 문화시장으로 활성화,-,제한없음,인천광역시 계양구,-
318,"원도심 활성화를 위한 숭의평화 문화시장 운영
시주관 천개의 문화오아시스",시장기능을 상실한 숭의평화 문화시장을 청년기업 및 문화예술 활동가가 입주할 수 있도록 유도하여 예술과 사회적경제가 어우러진 문화시장으로 활성화,-,제한없음,인천광역시 계양구,-
319,창작공간 연계 프로그램 운영,시장기능을 상실한 숭의평화 문화시장을 청년기업 및 문화예술 활동가가 입주할 수 있도록 유도하여 예술과 사회적경제가 어우러진 문화시장으로 활성화,-,제한없음,인천광역시 계양구,-
320,연수청년 창업보육센터 운영,민선7기 공약사항으로 ICT 분야 연수청년 창업보육센터를 설립하여 우수 창업기업 육성으로 양질의 청년 일자리 창출 및 지역 경제 활성화에 기여하고자 함,-,제한없음,인천광역시 계양구,www.bi.go.kr
321,청년과 문화예술 기반으로 하는 사회적경제기업 육성,청년이 주도하고 문화예술을 기반으로 하는 사회적경제기업가 육성을 통한 청년일자리 문제 해결과 함께 주민에게 다양한 문화예술 서비스 제공,만 19세 이상,제한없음,인천광역시 계양구,http://www.yeonsu.go.kr/
322,청년과 중소기업이 상생하는 고용서비스 지원,"중소기업의 청년 직접 고용에 대한 지원을 확대하여 청년 취업률을 제고하고 중소기업의 인력난을 해소하여, 청년과 중소기업이 상생하는 고용서비스를 지원하고자함",만 34세 이하,제한없음,인천광역시 계양구,http://job.sbc.or.kr
323,지역주도형 청년 창업자 맞춤형 지원 사업,참신한 아이디어와 창의적인 아이템을 가진 청년 (예비)창업가를 발굴 지원함으로써 우수기업으로의 성장을 유도하여 일자리창출에 기여하고자 함,만39세 이하,제한없음,인천광역시 계양구,http://www.gyeyang.go.kr/
324,미혼남녀 만남사업,"결혼 적령기 미혼 남녀에게 만남과 소통의 장을 마련하여, 사회전반에 만연해 있는 만혼, 비혼 등 결혼기피로 이어지는 가치관 변화와 3포 (연애,결혼,출산 포기) 시대의 부정적 인식을 개선하여 결혼 친화적 분위기 조성에 도모하고자 함",20~30대,제한없음,인천광역시 계양구,http://www.yeonsu.go.kr/
325,대학생 구정체험 확대,"방학기간 중 대학생을 대상으로 행정기관에서 근무 할 수 있는 기회를 제공하여 구정에 대한 올바른 이해 도모, 등록금 인상에 따른 어려움이 있는 청년계층에게 경제적 부담 경감",-,대학 재학 (휴학생 포함),인천광역시 계양구,http://www.incheon.go.kr
326,취업성공 디딤돌 청년인턴사업,미취업 청년의 행정경력 제공 및 취업역량강화교육으로 취업률 향상 도모,만 34세 이하,제한없음,인천광역시 계양구,http://www.seo.incheon.kr/
327,청년층 중소기업 취업지원사업 ,청년층 실업난 해소를 위한 재정지원으로 청년에게 안정적 경력형성 기회를 제공하고 중소기업 이미지 제고에도 기여하고자 함,만 34세 이하,제한없음,인천광역시 계양구,http://www.seo.incheon.kr/
328,청년 창업 아카데미 및 창업 공간 조성사업,우수한 창업 아이템을 보유하고 있음에도 자금부족으로 창업에 어려움을 겪고 있는 예비 청년 창업가들의 성공적인 창업을 지원하여 청년 실업 해소 및 지역경제 활성화에 기여하고자 함,만 19세~만 39세,제한없음,인천광역시 계양구,http://www.seo.incheon.kr/
329,청년 예술인 및 예술단체 활동지원,"청년 문화예술인‧단체의 창작 활동을 지원하여 지역기반 창작 환경 조성, 서구를 중심으로 청년예술가들의 네트워크 구성 및 교류의 장 마련 ",만 34세 이하,제한없음,인천광역시 계양구,http://www.iscf.kr/
330,청년 기획자 생활문화프로젝트 지원,"자율적인 생활문화 향유를 통한 주민주도의 지역문화 생태계 형성, 지역 내 청년기획자 중심의 생활문화 활동 활성화",만 18세~만 39세,제한없음,인천광역시 계양구,http://www.iscf.kr/
331,시간제청년근로자 장려금,시간제청년근로자에게 급여 일부를 보전하여 청년복지 향상 및 취업역량 강화 도모,19세~29세,제한없음,인천광역시 계양구,https://www.ganghwa.go.kr/
332,온라인 청년 창업자 육성 사업,"청년창업자의 현실적인 사업 지원을 위해 “오픈마켓” 사용을 통한 오프라인 상품연계를 지원하고, 개인 쇼핑몰을 지원하여 청년 창업 자립 기반 구축, 청년 창업자와 지역사회가 유기적으로 연계할 수 있는 지역맞춤형 시스템 구축",만18세~39세,제한없음,인천광역시 계양구,https://www.ganghwa.go.kr/
333,사회적경제 청년인턴사업,지역주도형 청년일자리사업의 일환으로 추진,만 18세~ 39세,제한 없음,인청광역시 남동구,http://www.namdong.go.kr/main/notice/news.asp
334,지역공동체일자리사업,근로 의사가 있는 국민에게 일자리를 제공하기 위해 정부에서 지원,만 18세 이상,제한 없음,인천광역시 남동구,http://www.namdong.go.kr/main/notice/news.asp
335,장애인 일자리,장애인의 사회 참여 확대와 소득 보장 지원,만 18세 이상,제한 없음,인천광역시 남동구,http://www.namdong.go.kr/main/search_popup3.asp?bbs_code=board_33&seq=44327
336,남동구 채용박람회,남동구 지역 구인기업의 인력난 해소 및 구직자의 취업 촉진,-,제한 없음,인천광역시 남동구,http://www.namdong.go.kr
337,청년재능나눔일자리 푸를(靑)나이(年) Job Con ,"문화공연 전문 비영리단체와의 파트너 쉽으로 발전가능성이 있는 청년
    예술인의 일자리사업으로 추진",만18세~39세미만,제한 없음,인천광역시 남동구,http://www.namdong.go.kr
338,남동구 청년창업 기획전,청년창업지원센터 입주자 모집을 위한 남동구 청년창업 기획전을 개최,만19~39세 ,제한 없음,인천광역시 남동구,http://www.namdong.go.kr
339,양질의 전문자격 청년인턴 사업,"지역사회에 필요한 다양한 서비스를 청년의 일자리로 기획하여 제공함으로써 지역사회 문제를 해결하고, 청년에게 전공과 적성을 고려한 일 경험 기회를 제공하여 직무역량을 강화하고 향후 구직활동과 연계하고자 함",만 19세~39세,고졸이상,인천광역시 동구,www.icdonggu.go.kr 
340,동구 청년홍보단 사업,티비보다 유튜브 시청을 더 많이 하는 현세대를 반영하여 최고의 광고매체 유튜브를 통해 동구를 광고하고 관광객 유치를 통한 일자리 창출 ,만 39세 이하,고졸이상,인천광역시 동구,www.icdonggu.go.kr 
341,청년희망키움통장,"일하는 청년 생계 수급자가 청년희망키움통장을 통해 본인의 가처분 소득 감소없이 자산을 축적하고, 청년의 자립을 위한 특화된 금융교육과 복지서비스 및 근로유인보상 체계의 결합으로 빈곤의 대물림 예방",만 15세~34세,제한없음,인천광역시 동구,http://www.hopegrowing.com
342,교육아동청소년실 기간제 근로자 채용,2019년도 아동․청소년 체험시설(놀이시설)운영 사업 수행에 필요한 교육아동청소년실 기간제 근로자를 채용,만18세~60세,제한없음,인천광역시 동구,http://www.icdonggu.go.kr/ 
343,어린이·청소년 참여위원회 위원,"자치단체 정책 및 사업과정에 주체적으로 참여토록 함으로써, 지역 아동 시책의 실효성 제고 및 권익증진을 도모하기 위해 운영","11세~13세, 14세~19세",제한없음,인천광역시 동구,https://www.icdonggu.go.kr/
344,·찾아가는 평생학습 「나들이 강좌」," 원하는 시간과 장소에서 배움을 지속할 수 있는 학습자 중심의 평생학습 지원체제를 구축하고, 학습하는 동구 분위기 조성을 위해 운영",,제한없음,인천광역시 동구,http://www.icdonggu.go.kr/ 
345,주민자치위원 공개모집, 송림3·5동 주민자치센터 운영 등에 참여할 주민자치위원회 위원 위촉대상자를 공고,-,제한없음,인천광역시 동구,www.icdonggu.go.kr
346,2019년 제1회 동구 채용박람회 개최,"중부지방고용노동청과 공동으로 개최하고 동구한마음종합복지관(장애인복지관), 동구다문화가족지원센터, 동구노인인력개발센터, 인천광역시 여성복지관 등 지역 내 유관기관과 협력하여 장애인, 다문화가족, 노인, 여성 등 다양한 계층의 일자리를 발굴ㆍ연계하는 다채롭고 풍성한 채용의 장이 되며, 또한 행정안전부 공모 사업인 ‘동구 양질의 전문자격 청년인턴 사업’에 참여할 청년 면접을 실시했으며, 선발된 지역 청년에게는 일에 대한 경험과 직무역량을 쌓을 수 있는 기회를 제공할 계획이다.",-,제한없음,인천광역시 동구,http://incheon.work.go.kr
347,2019년 송현야시장 판매대 운영자 모집 공고,인천광역시 동구에서는 다양한 먹거리와 화려한 볼거리로 가득한 인천의 대표적인 야간 관광명소인‘달빛거리 송현야시장’의 판매 ․ 운영에 참가할 열정적인 판매대 운영자를 다음과 같이 공개모집 하오니 많은 참여를 바랍니다.,만19세 이상 만55세 미만,제한없음,인천광역시 동구,http://incheon.work.go.kr
348,청년창업 희망스타트 지원사업,불법유흥업소를 청년창업공간으로 전환하여 지역재생과 청년창업 기회 제공,만 19세~39세,제한없음,인천광역시 미추홀구,http://michu.incheon.kr/ndsys/ndBBs/bbs_view.asp?bbs_code=board_13&class_code=&seq=92399&gotopage=1&keyfield=&keyword=&dept_idx=&bbs_category=
349,청년정책네트워크 구성 및 운영,청년이 서로 모여 청년 정책을 발굴하고 실현하여 청년과 지역이 상생 발전을 목표로 함 ,만 19세~39세,기타(인천광역시 미추홀구 소재 대학에서 수학한 청년(재학․휴학․졸업생 포함)),인천광역시 미추홀구,http://michu.incheon.kr/dongoffice/community/notice.asp?dong_idx=288&seq=112879
350,문화콘텐츠 전문인력 양성 및 취업지원,우리구 문화콘텐츠산업지원센터 입주기업에 청년의 취업지원으로 청년실업문제 해소 및 전문인력 양성으로 관련 산업 경쟁력 강화,만18세~39세,"고졸 예정, 고교 졸업, 대졸 예정, 대학 졸업",인천광역시 미추홀구,http://michu.incheon.kr/
351,문화콘텐츠 청년창업 공간 조성 및 운영,청년예비창업자를 발굴하여 단계별 체계적인 지원으로 창업 성공률 제고 및 청년주도형 일자리 창출,만18세~39세,"고졸 예정, 고교 졸업, 대학 재학, 대졸 예정, 대학 졸업",인천광역시 미추홀구,http://michu.incheon.kr/
352,빈집은행을 통한 청년창업공간 조성,"유휴공간을 활용하여 청년기업이 활동중인 빈집은행에 공방을 조성하고, 청년활동공간 확대를 위한 리모델링 공사 시행",만 19세~39세,제한없음,인천광역시 미추홀구,-
353,원도심 활성화를 위한 숭의평화 문화시장 운영,시장기능을 상실한 시장을 청년 및 문화예술가 입주 유도하여 문화시장 조성,,제한없음,인천광역시 미추홀구,http://michu.incheon.kr
354,청년 공공근로사업,저소득 취약계층 청년에게 공공일자리 제공으로 청년 실업 완화 및 청년수요에 적합한 맞춤형 사업을 통해 직장체험 등 직업능력 배양,만18세~만39세,제한없음,인천광역시 미추홀구,-
355,미추홀구 채용박람회 개최,"구인난을 겪고 있는 기업에 현장면접을 통한 적합한 인재 선택의 기회를 제공하여 고용 활성화를 유도하고, 취업난을 겪고 있는 구직자에게 다양한 취업정보와 실질적인 구직 활동의 기회를 제공",-,제한없음,인천광역시 미추홀구,http://michu.incheon.kr
356,미추홀구 SNS 서포터즈,"취지와 홍보, 활성화를 위해 SNS를 활용하여 정보의 확산 및 참여와 소통의 가교역할을 수행",만 19세 이상,제한없음,인천광역시 미추홀구,http://michu.incheon.kr/home/
357,2019년 (예비)사회적기업 전문인력 및 사회적기업 사회보험료 지원사업 공고,(예비)사회적기업의 자립기반 조성과 경영역량 강화를 위함,-,석·박사,인천광역시 미추홀구,www.seis.or.kr
358,2019년 상반기 마을기업 설립 전 교육, 2019년 행정안전부의 마을기업 사업을 하고자 하는 개인 또는 단체는 반드시 인천광역시 마을기업 지원기관에서 운영하는 마을기업 설립 전 교육을 이수해야 합니다. 이에 마을기업 사업 설립을 희망하는 개인 또는 단체를 대상으로 마을기업 설립 전 교육 신청자를 다음과 같이 모집 공고,-,제한 없음,인천광역시 미추홀구,http://michu.incheon.kr/home/administration/news_announcement.asp?seq=98413
359,디딤씨앗 통장,아동복지시설 보호아동 및 저소득층 아동이 준비된 사회인으로 성장할 수 있도록 저축을 통해 자립자금*을 마련하는 “자산형성지원사업”,"만18세 미만, 만12세 ~ 만17세",제한 없음,인천광역시 미추홀구,http://blog.naver.com/PostView.nhn?blogId=tong_namgu&logNo=221399100140
360,일자리지원센터 운영,"지역주민에게 일자리제공 편의 및 신속한 취업상담을 위해 운영
",-,제한 없음,인천광역시 미추홀구,http://michu.incheon.kr/dongoffice/community/notice.asp?dong_idx=292&seq=117388
361,「중식업 면장 양성과정」 모집,2019년 지역·산업 맞춤형 일자리창출 지원사업의 일환으로 지원 사업 교육생을 모집,-,제한 없음,인천광역시 미추홀구,http://michu.incheon.kr/dongoffice/community/notice.asp?dong_idx=293&seq=117406
362,「스마트시티 전문인력 양성과정」 모집,2019년 지역·산업 맞춤형 일자리창출 지원사업의 일환으로 지원 사업 교육생을 모집,만15~34세,제한 없음,인천광역시 미추홀구,www.iotlab.biz
363,지역주도형 청년인턴사업,"청년에게 전공과 적성을 고려한 일 경험 제공으로
직무역량을 강화하고 향후 민간취업과 연계",만 18세 ~ 39세,제한 없음,인천광역시 부평구,http://www.wwp.or.kr
364,청년 취업형 현장체험 지원 사업,청년에게 취업을 희망하는 분야의 현장을 미리 체험토록 지원하여 직업선택 및 진로결정에 도움을 주고 취업촉진에 기여,만 18세 ~ 34세,제한 없음,인천광역시 부평구,http://www.icbp.go.kr
365,취업지원아카데미 운영,자기분석에 대한 전문코치의 컨설팅을 통해 취업의 방향성을 제시하고 청년의 사회진출에 실질적인 지원,만 18세 ~ 39세,제한 없음,인천광역시 부평구,http://www.icbp.go.kr
366,청년콘서트,청년일자리와 같은 청년이 갖고 있는 현실문제에 대하여 청년들과 소통을 통해 필요한 대안모색과 그들의 의견을 반영한 지속가능한 청년 정책을 발굴 및 추진하고자 함,만 18세 ~ 39세,제한 없음,인천광역시 부평구,http://www.icbp.go.kr
367,노사민정협의회 청년분과위원회 운영,청년과 공감하고 소통하는 청년일자리 정책의 거버넌스를 활성화,만 18세~39세, 제한 없음,인천광역시 부평구,http://www.icbp.go.kr
368,청년희망키움통장,"일하는 근로빈곤 청년이 목돈을 마련하여 탈수급할 수 있도록, 청년의 가처분 소득 변동 없이 소득에 따른 장려금을 지원하여 자립을 도모",만 15세~34세, 제한 없음,인천광역시 부평구,https://www.gov.kr/portal/locgovNews/1830644
369,부평형 셰어주택사업,입주자들의 주거 공동체 형성을 통해 새로운 주택 모델을 제시함으로써 청년주거생활의 질 향상 및 자립기반 지원,만 18세~ 35세, 제한 없음,인천광역시 부평구,https://www.gov.kr/portal/locgovNews/1851033
370,청년창업 재정지원 사업,청년 일자리 창출과 발전가능한 청년 창업가를 발굴하고 우수 기업으로 성장을 유도하기 위해 우수하고 창의적인 사업(안)을 가진 청년 (예비)창업자에게 재정지원,만19세 ～ 39세 이하,제한 없음,인천광역시 부평구,http://www.icbp.go.kr/open_content/programs/eminwon/eminwonDetail.jsp?eminwon_div=announce&seq=21307
371,시민상담대학 개강,시민상담대학을 통해 낮은 자존감을 회복시킴으로 건강한 정서를 확보하고 인간관계 훈련을 통해 자신을 알고 타인을 이해함으로 건강한 사회를 만들어가는 것을 목적,만 18세~ 34세,제한 없음,인천광역시 부평구,www.iclifeline.or.kr
372,2019년도 부평구 공예품 개발장려금 지원계획,공예산업의 발전과 작품활동이 우수한 공예인 지원을 위해 실시,만 18세~ 34세,제한 없음,인천광역시 부평구,http://www.icbp.go.kr/open_content/main/
373,2019 부평구 해외전시회 개별참가 참여업체 모집,‘해외 박람회 참가 업체 지원 사업’은 지역 중소기업의 맞춤형 해외 마케팅 능력 향상과 해외시장 개척을 위해 해외 개별 전문 전시회에 참가하는 기업의 경비를 지원하는 사업,만 18세~ 34세,제한 없음,인천광역시 부평구,http://bizok.incheon.go.kr
374,부평구 방송프로그램 프리랜서 아나운서 모집,부평구 방송프로그램 프리랜서 아나운서 기회 제공,만 18세~ 34세,"대학 졸업, 기타(대학(원)생, 졸업생)",인천광역시 부평구,http://www.icbp.go.kr/open_content/main/
375,2019년 부평구 모바일 헬스케어 대상자 모집,"모바일 헬스케어는 건강위험요인이 있는
사람에게 모바일 앱을 통해 보건소 전문가가
언제 어디서나 맞춤형 건강 상담을 제공하는 서비스",만 19세 ~ 55세,제한 없음,인천광역시 부평구,http://www.icbp.go.kr/open_content/bbs.do?act=detail&msg_no=31649&bcd=Fboard_62&pageno=16
376,2019년 지역공동체 일자리사업 안내,민간 고용시장으로 진입이 어려운 사회적 취약계층의 생활 안정과 자립 기반 마련,만18세 이상,제한 없음,인천광역시 부평구,www.worknet.go.kr
377,2019년 1단계 공공근로사업,실직자와 미취업자 등 지역 저소득층의 생계 안정을 위함,만 18세이상 ,제한 없음,인천광역시 부평구,"http://www.icbp.go.kr/open_content/main/life/economy/work_society.jsp,"
378,취업정보센터 운영,"정부와 지자체, 기업 등의 온・오프라인 일자리 정보를 제공하고, 맞춤형 취업 정보 및 취업을 위한 이력서, 자기소개서, 면접 코칭 등의 다양한 취업 지원 서비스를 제공",제한 없음,제한 없음,인천광역시 부평구,http://www.icbp.go.kr/open_content/main/life/economy/work_center.jsp
379,2019년 제3기 부평도시농부학교 교육,"도시농업에 관심을 갖고 있으며, 체계적으로 생태적인 농법을 배우고 싶은 주민들을 대상으로 교육 진행",제한 없음,제한 없음,인천광역시 부평구,http://www.icbp.go.kr/open_content/programs/eminwon/eminwonDetail.jsp?seq=20891&eminwon_div=announce
380,취업성공 디딤돌 청년인턴사업,미취업 청년의 행정경력 제공 및 취업역량강화교육으로 취업률 향상 도모 ,만18세~만34세,졸업자 및 졸업예정인 미취업자,인천광역시  서구,www.seo.incheon.kr 
381,청년층 중소기업 취업지원사업,중소기업 재정지원으로 청년에게 안정적 경력형성 기회를 제공하고 중소기업 이미지 제고 기여,만18세~만34세,제한 없음,인천광역시  서구,-
382,청년 창업 아카데미 운영,체계적인 교육 프로그램과 멘토링을 제공함으로써 참신한 아이디어와 기술력을 갖춘 예비창업자를 발굴하고 올바른 창업가치관 제고 및 현실인식을 개선하여 건전한 창업인프라를 조성하고자 함,만 19세~39세,제한 없음,인천광역시  서구,http://www.seo.incheon.kr/
383,청년 창업 공간 조성사업,우수한 창업 아이템을 보유하고 있음에도 자금부족으로 창업에 어려움을 겪고 있는 예비 청년 창업가들의 성공적인 창업을 지원하여 청년 실업 해소 및 지역경제 활성화에 기여하고자 함,만19세~만39세,제한없음,인천광역시  서구,-
384,청년예술가 활동지원사업,"예술가 발굴, 육성을 통해 지역 문화의 저변 확대 및 지역 예술 활성화에 기여하고자 함 ",만 34세 이하,제한 없음,인천광역시  서구,http://iscf.kr/new/html/index/
385,2019년 사회적기업 창업 아카데미,사회적기업에 대한 인식 확산과 잠재력있는 예비사회적기업가를 양성,-,제한 없음,인천광역시  서구,-
386,4차산업혁명 청년창업지원센터 조성사업(신규)," ICT 기반의 4차산업관련 청년창업자를 육성하기 위해 청년창업지원센터를 조성하여 코워킹공간, 사업화지원금, 멘토링, 교육 지원",만 19세~34세,제한 없음,인천광역시 연수구,http://www.yeonsu.go.kr
387,청년 창업클러스터 구축을 통한 창업 생태계 활성화,"우리 구 관내에 위치한 벤처기업, 연구기관 등 관련 자료를 수집하고  창업 네트워크를 구축하기 위한 협의회를 구성하여 창업 클러스터를 구축항여 창업포럼 개최",-,제한 없음,인천광역시 연수구,http://www.yeonsu.go.kr
388,청년과 문화예술 기반으로 하는 사회적경제기업 육성,"혁신적 아이디어를 보유한 청년기업가를 유치하고 문화예술동아리를 발굴하여 사회적기업으로 육성하기 위한 창업아카데미, 멘토링, 찾아가는 사회적경제교실 등 운영
청년이 주도하고 문화예술을 기반으로 하는 사회적경제기업가 육성을 통한 청년일자리 문제 해결과 함께 주민에게 다양한 문화예술 서비스 제공",만 18세~34세,제한없음,인천광역시 연수구,http://www.yeonsu.go.kr
389,청년과 중소기업이 상생하는 고용서비스 지원,"중소기업의 청년 직접 고용에 대한 지원을 확대하여 청년 취업률을 제고하고 중소기업의 인력난을 해소하여, 청년과 중소기업이 상생하는 고용서비스 지원",만 18세~34세,제한없음,인천광역시 연수구,http://www.yeonsu.go.kr
390,청년 희망 프로젝트 ,노동시장 침체에 따른 일자리와 삶에 대한 무게로 힘겨워하는 지역청년들에게 심리상담 및 활동참여수당을 지원하여 자존감 고취 및 노동 시장으로의 편입 유도,만 18세 ~34세,제한없음,인천광역시 연수구,http://www.yeonsu.go.kr
391,지역주도형 청년 창업자 맞춤형 지원사업,참신한 아이디어와 창의적인 아이템을 가진 청년 (예비)창업가를 발굴 지원함으로써 우수기업으로의 성장을 유도하여 일자리 창출에 기여,만 19세~39세,제한 없음,인천광역시 연수구,http://www.yeonsu.go.kr
392,대학생 행정체험 연수,대학생들에게 방학기간을 활용하여 행정업무를 체험할 수 있는 기회를 제공하여 구정 이해도를 제고하고 더불어 방학기간 경제적 자립 지원,-,대학 재학,인천광역시 연수구,http://www.yeonsu.go.kr
393,연수구 1인 방송 인큐베이션 센터 「1인 방송 콘텐츠 제작자 양성 및 MCN 실무교육 교육생」 모집,"웹·모바일 중심의 새로운 미디어 시대가 도래함에 따라, 1인 방송 제작자를 교육 양성하고 체계적으로 지원하여 일자리 창출 도모",만 17세~34세,"고졸 예정, 대졸 예정, 기타(졸업 직전 학기 이수(방학시작일 기준) : 4년제 대학교는 4학년 1학기 이수, 2년제 전문대학은 2학년 1학기 이수자만 가능, 고등학교 3학년 재학 중인 자로서「고등교육법」제2조에 따른 학교에 진학하지 아니할 것으로 예정된 자만 참여 가능(학교장이 발급한 확인서 제출))",인천광역시 연수구,http://www.itp.or.kr
394,연수구 청년예술가 창업지원센터 연수아트플랫폼 조성,❍ Tomorrow-city가 갖는 상징성과 공공성을 확대할 수 있도록 미래지향적 융·복합 예술분야의 청년 창작과 창업을 활성화하고 주민이 그 성과와 과정을 공유할 수 있도록 창작·창업·교육 공간 조성 ❍ 연수구 관내에서 활동하는 예술가 중 청년세대 부족 현상 해소,-,제한 없음,인천광역시 연수구,http://www.yeonsu.go.kr
395,연수구 제1단계 공공근로 사업 참여자 모집,저소득 취약계층의 생활안정을 도모하고 사회참여 기회를 부여하기 위함,만 18세 이상,제한 없음,인천광역시 연수구,http://www.yeonsu.go.kr/etc/bbs/SearchView.asp?bbs_code=board_1&seq=81173
396,연수구 상반기 일자리한마당 개최,"실업난 해소를 위한 다각적인 노력으로 구직자의 
  취업촉진과 기업체의 원활한 인력수급을 지원하고자 함",-,제한 없음,인천광역시 연수구,http://www.yeonsu.go.kr/etc/bbs/SearchView.asp?bbs_code=board_160&seq=103
397,2019년 상반기 지역공동체일자리사업」 참여자 모집,근로의사가 있는 국민에게 일자리를 제공하기 위해 정부에서 지원하고 인천광역시 연수구에서 추진,만18세 이상 65세이하,제한 없음,인천광역시 연수구,http://www.yeonsu.go.kr
398,「2019년 육아코디네이터 사업」참여자 모집,"지역내 육아자원 발굴 및 연계, 육아상담 및 현장 활동을 통해 다양한 육아서비스를 제공하기 위함",만 60세 이하,제한 없음,인천광역시 연수구,http://www.yeonsu.go.kr
399,연수구 구인․구직 만남의 날 행사안내,"구민들에게 더 많은 취업의 기회와 양질의 일자리를 제공하고, 기업의 구인난 해소를 위함
구인․구직자간 미스매치를 최소화하고 체계적인 취업지원 서비스를 제공",-,제한 없음,인천광역시 연수구,http://www.yeonsu.go.kr
400,사회서비스(산림분야) 일자리사업 기간제 근로자 모집,사회서비스(산림분야) 일자리사업 기간제근로자 모집,만 18세 이상,제한 없음,인천광역시 연수구,http://www.yeonsu.go.kr/etc/bbs/SearchView.asp?bbs_code=board_151&seq=7401
401,연수구립공공도서관 청년 문화예술교육사 채용,연수구립공공도서관(연수청학도서관) 청년 문화예술교육사 채용,만 39세 미만,제한 없음,인천광역시 연수구,http://www.yeonsu.go.kr/etc/bbs/SearchView.asp?bbs_code=board_151&seq=7559
402,평생학습 우수학습동아리 지원사업,학습동아리의 활성화와 학습공동체 양성을 위함,-,제한 없음,인천광역시 연수구,http://www.yeonsu.go.kr
403,"지역주도형 청년일자리 조성사업
(신포국제시장 및 상점가 청년창업 지원사업)",신포국제시장 및 인근 상점가의 공점포를 활용한 청년창업공간 조성을 통한 지역주도형 청년일자리 창출 및 지역경제 활성화 유도,만19세이상 ~ 만39세이하,제한없음,인천광역시 중구,www.icjg.go.kr
404,공공근로사업,취약계층에 한시적인 일자리를 제공하여 생계지원 및 근로기회 부여,만 18세 이상,대학 졸업,인천광역시 중구,www.icjg.go.kr
405,공공일자리나누미사업,우리구 실정을 반영한 공공일자리사업을 추진함으로써 취업 취약계층 및 청년실업자에게 직접일자리를 제공함으로써 저소득층의 생계를 도모하고자 함.,만18세이상 ~ 만65세 미만,제한 없음,인천광역시 중구,www.icjg.go.kr
406,지역공동체일자리사업,"취업을 희망하는 지역주민에게 직접일자리를 제공하여 저소득층 생계안정, 지역특화자원 등을 활용한 지속적 ․ 안정적 일자리제공 및 지역경제 활성화",만 18세 이상 65세 미만,제한 없음,인천광역시 중구,www.icjg.go.kr
407,(예비)사회적기업 발굴ㆍ육성,"사회적기업 지정 : 수시(고용노동부)
예비사회적기업 지정 : 연2회(지방자치단체, 매년 초에 계획 공고)
(예비)사회적기업 재정지원사업 지원 선정 : 연1회(지방자치단체)
(예비)사회적기업가 발굴을 위한 설명회 개최 : 연1회
(예비)사회적기업 육성을 위한 워크숍 개최 : 연1회",-,제한 없음,인천광역시 중구,www.icjg.go.kr
408,장애인 전용 주차구역 단속 보조일자리 참여자 모집,장애인의 사회참여 확대와 소득보장을 도모하기 위함,만 18세 이상,제한 없음,인천광역시 중구,http://eminwon.icjg.go.kr/emwp/gov/mogaha/ntis/web/ofr/action/OfrAction.do?pageIndex=&jndinm=OfrNotAncmtEJB&context=NTIS&method=selectOfrNotAncmt&methodnm=selectOfrNotAncmtRegst&not_ancmt_mgt_no=29704&homepage_pbs_yn=Y&subCheck=Y&ofr_pageSize=10&not_ancmt_se_code=01%2C02%2C03%2C04%2C05%2C06&title=%EA%B3%A0%EC%8B%9C%EA%B3%B5%EA%B3%A0&cha_dep_code_nm=&initValue=Y&countYn=Y&not_ancmt_sj=
409,지역산업맞춤형 일자리창출 지원사업 [영종일자리프로젝트] 추진,2019년 지역산업맞춤형 일자리창출 지원사업 “영종일자리프로젝트” 추진을 위한 전담인력(기간제근로자) 채용,만 20세 이상,제한 없음,인천광역시 중구,www.icjg.go.kr
410,장애인일반형(전일제.시간제)일자리 참여자 ,장애인의 사회참여 확대와 소득보장을 도모하기 위하여 일반형(전일제/시간제)일자리사업에 참여하실 장애인을 모집,만 18세 이상,제한 없음,인천광역시 중구,http://eminwon.icjg.go.kr/emwp/gov/mogaha/ntis/web/ofr/action/OfrAction.do?pageIndex=&jndinm=OfrNotAncmtEJB&context=NTIS&method=selectOfrNotAncmt&methodnm=selectOfrNotAncmtRegst&not_ancmt_mgt_no=29158&homepage_pbs_yn=Y&subCheck=Y&ofr_pageSize=10&not_ancmt_se_code=01%2C02%2C03%2C04%2C05%2C06&title=%EA%B3%A0%EC%8B%9C%EA%B3%B5%EA%B3%A0&cha_dep_code_nm=&initValue=Y&countYn=Y&not_ancmt_sj=
411,노인사회활동지원사업,노인일자리사업의 원활한 사업수행을 위해 노인사회활동지원사업 전담인력 채용,-,제한 없음,인천광역시 중구,http://eminwon.icjg.go.kr/emwp/gov/mogaha/ntis/web/ofr/action/OfrAction.do?pageIndex=&jndinm=OfrNotAncmtEJB&context=NTIS&method=selectOfrNotAncmt&methodnm=selectOfrNotAncmtRegst&not_ancmt_mgt_no=29167&homepage_pbs_yn=Y&subCheck=Y&ofr_pageSize=10&not_ancmt_se_code=01%2C02%2C03%2C04%2C05%2C06&title=%EA%B3%A0%EC%8B%9C%EA%B3%B5%EA%B3%A0&cha_dep_code_nm=&initValue=Y&countYn=Y&not_ancmt_sj=
412,지방보조금(농업인단체지원사업) 지원 ,"농업인 단체의 교육훈련, 농업인 대회 참가지원을 통해 농업 경영의 효휼화와 농업과 농촌의 공익 기능 제고",-,제한 없음,인천광역시 중구,www.icjg.go.kr
413, 2019년 기획공연 공모사업(1차)," (민간주도 행사기획⋅지역예술단체 활용) 행사계획을 위한 추진  준비는 관에서 주도하되, 실제 행사 참여⋅운영에 지역예술단체를 적극 활용함으로써 지역문화예술 진흥 및 소통과 공감을 주제로 
하는 문화예술 복지도시 실현 기대",-,제한 없음,인천광역시 중구,www.icjg.go.kr
